Date,Open,High,Low,Close
2015-01-01,886.3,892.0,883.65,887.9
2015-01-02,888.1,896.05,884.3,885.55
2015-01-05,885.0,890.9,874.1,875.85
2015-01-06,870.0,873.0,832.0,836.1
2015-01-07,837.1,858.8,837.0,854.3
2015-01-08,860.1,862.9,840.15,842.05
2015-01-09,848.4,862.0,845.0,860.3
2015-01-12,860.5,861.0,841.6,850.3
2015-01-13,853.0,854.95,840.5,843.15
2015-01-14,843.0,847.0,831.2,834.95
2015-01-15,840.0,871.1,840.0,864.25
2015-01-16,860.0,875.0,852.05,869.7
2015-01-19,870.2,886.0,858.75,879.65
2015-01-20,881.5,905.55,878.85,903.05
2015-01-21,905.0,911.4,892.05,906.75
2015-01-22,905.15,907.2,879.5,883.75
2015-01-23,890.0,897.8,877.0,886.9
2015-01-27,892.9,896.7,880.5,889.05
2015-01-28,886.1,909.8,886.1,906.85
2015-01-29,907.1,934.5,906.9,929.4
2015-01-30,930.0,931.25,909.0,915.25
2015-02-02,916.05,919.9,905.7,908.05
2015-02-03,913.2,940.85,913.2,937.6
2015-02-04,939.1,943.8,925.9,928.8
2015-02-05,936.0,939.9,917.6,923.7
2015-02-06,924.1,930.0,903.0,909.9
2015-02-09,901.2,918.0,892.0,896.7
2015-02-10,898.0,904.5,861.3,882.0
2015-02-11,886.0,904.75,883.0,900.7
2015-02-12,908.0,913.95,887.25,909.15
2015-02-13,914.0,920.8,909.05,917.5
2015-02-16,918.7,924.2,900.0,902.8
2015-02-18,900.0,908.0,894.4,901.65
2015-02-19,906.95,907.6,887.55,902.05
2015-02-20,895.25,896.0,871.3,873.1
2015-02-23,869.95,876.75,847.1,851.45
2015-02-24,854.25,856.8,837.0,841.45
2015-02-25,848.8,856.5,841.05,843.15
2015-02-26,846.1,850.0,836.6,842.0
2015-02-27,847.55,861.0,844.6,855.55
2015-02-28,862.8,868.4,846.6,865.15
2015-03-02,869.0,875.5,855.55,864.25
2015-03-03,869.0,906.45,867.4,900.8
2015-03-04,906.0,909.65,880.05,887.85
2015-03-05,892.5,898.75,878.15,884.95
2015-03-09,885.1,891.75,864.15,869.65
2015-03-10,868.95,875.8,855.4,859.15
2015-03-11,860.95,869.6,852.4,855.95
2015-03-12,858.0,867.4,855.6,863.8
2015-03-13,869.0,869.6,847.0,850.1
2015-03-16,851.5,853.95,840.3,842.1
2015-03-17,850.55,859.9,841.0,856.85
2015-03-18,857.0,872.25,854.7,868.65
2015-03-19,875.55,876.7,854.1,856.15
2015-03-20,857.9,861.15,848.6,854.1
2015-03-23,856.5,864.0,838.1,841.95
2015-03-24,842.1,854.3,842.1,847.95
2015-03-25,849.0,849.5,841.0,844.9
2015-03-26,841.1,849.25,824.1,829.3
2015-03-27,833.9,835.0,801.45,811.7
2015-03-30,816.6,817.7,796.45,810.75
2015-03-31,818.0,832.9,818.0,826.0
2015-04-01,824.9,839.0,813.1,836.05
2015-04-06,836.0,838.0,821.4,824.65
2015-04-07,826.05,836.1,826.05,832.85
2015-04-08,833.5,869.5,832.9,865.9
2015-04-09,865.5,899.0,858.8,895.1
2015-04-10,894.95,908.8,889.1,904.35
2015-04-13,906.8,924.75,898.75,922.5
2015-04-15,921.0,939.6,907.2,923.65
2015-04-16,924.5,938.0,919.0,928.35
2015-04-17,935.05,944.3,922.6,926.85
2015-04-20,937.3,937.45,878.5,885.65
2015-04-21,890.15,895.5,872.45,876.45
2015-04-22,881.9,886.75,867.0,879.75
2015-04-23,883.85,889.4,869.05,877.05
2015-04-24,877.0,884.45,868.65,878.9
2015-04-27,880.05,887.5,871.45,875.3
2015-04-28,874.7,882.0,858.55,865.2
2015-04-29,862.0,870.55,847.4,850.0
2015-04-30,850.0,865.9,847.95,862.35
2015-05-04,866.2,893.9,860.5,890.95
2015-05-05,893.7,901.8,885.1,892.15
2015-05-06,890.0,896.75,872.0,880.25
2015-05-07,875.0,878.45,860.0,870.75
2015-05-08,871.0,893.75,861.1,889.7
2015-05-11,892.85,899.45,883.4,895.95
2015-05-12,894.9,894.9,865.15,868.7
2015-05-13,873.35,888.65,857.2,885.1
2015-05-14,886.0,886.2,870.3,878.2
2015-05-15,881.9,886.95,870.1,873.95
2015-05-18,874.9,894.0,872.2,891.55
2015-05-19,891.25,904.75,886.6,895.55
2015-05-20,900.4,911.0,897.7,908.85
2015-05-21,911.25,915.4,894.1,896.75
2015-05-22,897.0,905.6,897.0,903.85
2015-05-25,900.0,908.0,892.35,894.5
2015-05-26,895.0,896.0,882.7,884.6
2015-05-27,886.0,890.9,880.2,885.3
2015-05-28,885.85,894.25,872.0,875.8
2015-05-29,879.9,886.45,873.1,877.0
2015-06-01,880.0,904.9,878.0,902.25
2015-06-02,905.75,918.8,891.45,898.65
2015-06-03,899.0,910.45,888.5,896.35
2015-06-04,904.2,916.2,892.55,912.7
2015-06-05,909.9,916.95,904.45,907.75
2015-06-08,906.8,910.0,883.1,885.45
2015-06-09,883.55,890.65,877.35,883.7
2015-06-10,886.0,909.9,885.0,905.8
2015-06-11,906.0,909.5,873.65,877.15
2015-06-12,879.0,892.7,878.25,889.85
2015-06-15,894.9,905.0,890.0,901.75
2015-06-16,899.0,905.0,893.2,903.95
2015-06-17,905.05,942.35,894.0,931.2
2015-06-18,932.55,982.0,932.5,978.95
2015-06-19,982.5,1006.4,982.5,996.65
2015-06-22,996.95,1008.7,986.5,991.7
2015-06-23,992.65,1002.7,991.0,995.0
2015-06-24,995.0,1006.45,986.65,990.9
2015-06-25,987.0,1009.0,985.0,1004.55
2015-06-26,999.9,1014.1,995.4,1000.7
2015-06-29,987.9,993.85,972.0,990.85
2015-06-30,989.9,1002.85,988.0,1000.1
2015-07-01,1001.0,1010.45,1001.0,1005.65
2015-07-02,1009.0,1019.75,1007.1,1010.85
2015-07-03,1009.75,1013.8,1003.05,1007.2
2015-07-06,996.1,1018.9,995.2,1015.55
2015-07-07,1011.0,1016.6,1000.0,1003.25
2015-07-08,995.85,1008.7,991.65,996.6
2015-07-09,996.0,1001.0,983.15,987.4
2015-07-10,991.1,1004.0,990.25,1001.8
2015-07-13,1001.8,1012.5,995.15,1007.0
2015-07-14,1008.9,1011.5,995.2,997.8
2015-07-15,999.75,1014.4,999.55,1011.15
2015-07-16,1012.0,1027.8,1011.15,1023.7
2015-07-17,1025.25,1031.15,1018.0,1021.7
2015-07-20,1027.8,1029.95,1017.9,1024.75
2015-07-21,1028.0,1028.45,1002.75,1007.8
2015-07-22,1005.0,1053.95,1004.6,1050.4
2015-07-23,1053.5,1067.85,1041.2,1045.3
2015-07-24,1048.0,1049.65,1021.1,1025.05
2015-07-27,1024.9,1029.9,1001.75,1005.35
2015-07-28,1008.3,1016.7,1000.1,1010.25
2015-07-29,1009.5,1012.7,992.1,996.0
2015-07-30,1000.1,1008.0,992.3,1000.15
2015-07-31,1000.0,1007.9,990.0,1001.85
2015-08-03,1001.0,1013.85,999.4,1002.45
2015-08-04,1003.4,1005.65,980.0,988.0
2015-08-05,988.25,1000.8,984.1,987.75
2015-08-06,991.0,992.0,977.5,978.95
2015-08-07,979.0,994.0,977.15,984.35
2015-08-10,984.5,988.8,964.5,968.9
2015-08-11,971.0,973.65,958.0,966.0
2015-08-12,963.6,966.0,940.55,942.9
2015-08-13,947.0,953.95,929.4,933.35
2015-08-14,940.25,972.0,934.3,966.95
2015-08-17,966.0,966.0,946.05,950.7
2015-08-18,956.0,956.0,942.2,944.1
2015-08-19,944.0,961.0,939.45,954.6
2015-08-20,959.95,959.95,913.75,916.3
2015-08-21,910.0,911.9,897.0,907.95
2015-08-24,880.0,880.0,818.0,829.55
2015-08-25,840.85,860.65,823.2,848.15
2015-08-26,847.8,874.8,840.0,853.4
2015-08-27,866.8,881.25,857.05,869.15
2015-08-28,875.0,883.0,866.1,872.4
2015-08-31,872.85,872.85,853.8,855.9
2015-09-01,853.9,853.9,835.1,839.85
2015-09-02,850.0,857.1,842.6,849.55
2015-09-03,854.05,860.75,844.4,853.85
2015-09-04,849.7,849.7,825.1,835.9
2015-09-07,838.25,844.0,827.7,833.2
2015-09-08,836.0,852.95,825.1,848.6
2015-09-09,861.0,878.7,850.5,874.05
2015-09-10,861.0,870.5,855.5,867.0
2015-09-11,872.0,876.1,856.2,860.95
2015-09-14,861.75,865.7,851.9,863.85
2015-09-15,862.0,870.0,855.6,868.15
2015-09-16,872.1,877.35,865.2,872.55
2015-09-18,878.45,899.5,877.15,895.4
2015-09-21,880.0,888.2,876.05,878.1
2015-09-22,880.0,884.9,844.5,847.9
2015-09-23,843.0,856.8,840.0,850.35
2015-09-24,848.0,848.0,834.75,837.35
2015-09-28,839.8,840.9,828.7,834.25
2015-09-29,830.0,850.25,826.1,840.75
2015-09-30,851.0,864.8,838.5,862.3
2015-10-01,873.95,873.95,858.6,864.7
2015-10-05,862.8,890.0,861.85,888.0
2015-10-06,895.65,900.5,885.75,898.05
2015-10-07,894.7,918.05,891.0,913.8
2015-10-08,914.9,914.9,886.25,889.1
2015-10-09,894.05,905.45,881.5,887.35
2015-10-12,888.0,901.6,888.0,891.75
2015-10-13,885.05,896.3,882.9,893.6
2015-10-14,895.8,905.0,893.95,902.95
2015-10-15,907.7,911.0,900.1,903.7
2015-10-16,904.5,914.8,903.7,912.15
2015-10-19,941.0,965.5,941.0,963.5
2015-10-20,965.0,966.7,953.0,956.7
2015-10-21,955.5,974.8,953.0,955.0
2015-10-23,963.95,973.05,941.15,955.65
2015-10-26,961.9,963.0,941.3,942.85
2015-10-27,938.8,948.25,937.4,939.55
2015-10-28,936.9,944.9,929.9,936.95
2015-10-29,936.0,945.0,934.95,941.0
2015-10-30,942.1,955.9,940.1,947.7
2015-11-02,949.0,961.5,945.2,959.8
2015-11-03,963.25,970.45,961.25,967.2
2015-11-04,968.0,975.0,946.2,951.3
2015-11-05,949.0,951.0,933.0,936.6
2015-11-06,939.45,954.75,937.9,952.4
2015-11-09,933.5,965.0,923.45,961.25
2015-11-10,957.0,959.5,916.3,922.75
2015-11-11,927.1,932.85,927.1,928.45
2015-11-13,915.05,938.55,914.5,933.05
2015-11-16,926.0,942.0,924.75,934.3
2015-11-17,938.05,938.9,926.2,927.75
2015-11-18,927.6,931.3,909.95,912.0
2015-11-19,918.9,938.7,917.25,934.75
2015-11-20,934.0,952.8,925.55,946.85
2015-11-23,950.0,957.9,946.2,953.75
2015-11-24,953.0,971.6,951.05,967.7
2015-11-26,971.0,991.95,968.25,988.65
2015-11-27,989.0,992.5,974.1,979.05
2015-11-30,978.5,984.4,962.3,965.85
2015-12-01,964.0,978.8,961.25,965.9
2015-12-02,966.25,979.7,964.5,977.95
2015-12-03,974.9,988.95,974.1,977.2
2015-12-04,972.3,976.2,961.4,965.45
2015-12-07,965.45,973.0,949.75,952.05
2015-12-08,948.9,953.6,936.1,940.9
2015-12-09,936.2,943.45,912.85,915.9
2015-12-10,922.5,953.8,920.0,950.35
2015-12-11,951.75,959.0,942.9,952.95
2015-12-14,947.6,963.5,946.0,955.1
2015-12-15,957.0,977.95,953.65,975.9
2015-12-16,975.9,987.55,973.5,978.65
2015-12-17,980.05,1015.0,978.0,1009.7
2015-12-18,1003.8,1009.0,990.0,991.9
2015-12-21,987.9,999.0,984.35,992.1
2015-12-22,992.8,1002.6,984.0,987.3
2015-12-23,991.8,1006.9,990.0,1003.8
2015-12-24,1003.9,1007.2,996.3,1000.55
2015-12-28,1000.6,1013.75,1000.0,1010.4
2015-12-29,1010.4,1018.7,1007.15,1015.4
2015-12-30,1015.0,1016.0,1002.0,1004.5
2015-12-31,1003.4,1019.7,999.1,1014.6
2016-01-01,1009.8,1018.9,1008.2,1015.35
2016-01-04,1005.0,1013.8,986.7,995.3
2016-01-05,1000.3,1010.0,997.0,1005.15
2016-01-06,1007.6,1038.4,1000.4,1032.2
2016-01-07,1021.05,1028.0,1008.05,1013.25
2016-01-08,1020.0,1032.9,1016.7,1025.75
2016-01-11,1015.95,1060.8,1011.0,1051.6
2016-01-12,1055.0,1065.4,1041.1,1045.45
2016-01-13,1053.1,1089.75,1047.2,1076.85
2016-01-14,1063.85,1081.0,1053.05,1061.65
2016-01-15,1069.75,1089.5,1065.6,1073.3
2016-01-18,1075.0,1083.95,1008.1,1016.85
2016-01-19,1029.0,1049.8,1014.1,1043.6
2016-01-20,1034.9,1034.9,990.0,1004.55
2016-01-21,1017.55,1025.75,976.7,984.2
2016-01-22,994.05,1011.0,994.05,1004.15
2016-01-25,1010.0,1018.75,1000.0,1003.95
2016-01-27,1008.1,1010.0,996.95,999.35
2016-01-28,1001.0,1021.8,997.1,1016.9
2016-01-29,1018.95,1040.0,1018.0,1035.4
2016-02-01,1039.95,1041.8,1025.55,1030.3
2016-02-02,1030.3,1032.8,990.5,1001.15
2016-02-03,988.0,994.0,975.0,981.4
2016-02-04,988.0,1001.0,965.7,973.05
2016-02-05,979.1,982.0,961.4,970.9
2016-02-08,971.1,984.8,957.95,961.05
2016-02-09,952.9,968.8,950.0,957.5
2016-02-10,951.7,973.0,948.65,962.65
2016-02-11,962.85,965.95,915.5,924.55
2016-02-12,933.9,933.9,888.1,906.55
2016-02-15,918.0,951.35,918.0,946.75
2016-02-16,951.1,958.0,927.0,930.55
2016-02-17,935.1,957.45,916.4,952.6
2016-02-18,962.95,968.7,936.0,940.1
2016-02-19,940.0,952.75,937.35,944.35
2016-02-22,944.1,968.3,944.1,962.3
2016-02-23,963.1,967.2,942.75,949.65
2016-02-24,944.9,958.55,942.0,952.65
2016-02-25,954.2,956.55,940.85,944.1
2016-02-26,953.0,958.75,944.3,950.35
2016-02-29,951.3,994.6,935.0,966.65
2016-03-01,964.7,985.05,964.65,981.3
2016-03-02,992.9,1005.75,987.25,1001.5
2016-03-03,1010.0,1018.0,997.5,1012.85
2016-03-04,1014.0,1015.0,1003.5,1006.4
2016-03-08,1007.5,1030.9,1007.5,1027.0
2016-03-09,1020.0,1043.9,1018.6,1041.7
2016-03-10,1042.05,1045.9,1009.0,1011.75
2016-03-11,1014.9,1029.55,1010.6,1014.5
2016-03-14,1019.1,1026.4,1012.95,1019.75
2016-03-15,1024.0,1027.85,1015.1,1020.5
2016-03-16,1021.0,1025.8,1005.45,1021.75
2016-03-17,1027.0,1036.9,1012.0,1016.0
2016-03-18,1018.25,1030.15,1015.7,1027.2
2016-03-21,1027.95,1041.5,1022.75,1037.3
2016-03-22,1037.0,1052.25,1035.65,1047.85
2016-03-23,1046.9,1046.9,1022.4,1029.2
2016-03-28,1030.0,1031.7,1015.65,1020.4
2016-03-29,1023.8,1042.0,1020.2,1036.25
2016-03-30,1042.7,1051.75,1042.7,1047.05
2016-03-31,1041.0,1056.0,1032.7,1045.2
2016-04-01,1039.1,1046.3,1025.0,1034.45
2016-04-04,1040.0,1042.2,1025.3,1035.05
2016-04-05,1031.35,1042.4,1022.2,1026.95
2016-04-06,1032.1,1036.7,1022.6,1033.75
2016-04-07,1034.9,1048.0,1022.1,1037.25
2016-04-08,1035.9,1054.45,1031.2,1036.35
2016-04-11,1037.0,1045.5,1033.0,1040.3
2016-04-12,1040.3,1057.45,1038.05,1047.4
2016-04-13,1052.55,1069.9,1052.55,1066.05
2016-04-18,1065.8,1066.8,1055.4,1064.75
2016-04-20,1069.2,1069.2,1035.8,1037.3
2016-04-21,1041.4,1052.0,1035.0,1041.15
2016-04-22,1039.0,1047.5,1029.3,1038.95
2016-04-25,1044.45,1044.45,1012.3,1016.9
2016-04-26,1015.4,1023.9,1007.5,1016.95
2016-04-27,1017.9,1025.95,1016.0,1019.4
2016-04-28,1014.0,1019.2,990.95,996.7
2016-04-29,993.45,998.55,978.85,982.7
2016-05-02,979.0,992.4,978.0,986.95
2016-05-03,988.0,994.95,972.75,975.8
2016-05-04,974.05,983.7,973.0,978.1
2016-05-05,980.0,983.45,970.9,975.25
2016-05-06,973.0,976.8,967.0,968.95
2016-05-09,975.0,986.0,972.8,983.1
2016-05-10,983.1,984.7,978.0,982.55
2016-05-11,971.8,980.75,970.0,975.4
2016-05-12,976.0,994.2,975.05,992.8
2016-05-13,988.95,990.55,975.0,978.15
2016-05-16,977.0,982.5,971.1,975.95
2016-05-17,980.25,983.1,966.35,969.15
2016-05-18,965.9,972.5,964.1,970.55
2016-05-19,971.7,971.9,945.6,951.2
2016-05-20,952.0,954.5,931.35,934.2
2016-05-23,937.35,940.7,925.65,930.0
2016-05-24,928.05,944.0,928.05,940.45
2016-05-25,949.85,952.8,941.15,951.2
2016-05-26,950.0,952.4,944.1,946.85
2016-05-27,949.05,976.9,948.75,974.7
2016-05-30,976.4,981.5,965.0,968.7
2016-05-31,969.0,973.0,956.5,957.85
2016-06-01,957.95,966.1,951.8,953.6
2016-06-02,954.5,957.15,945.1,956.25
2016-06-03,960.0,962.9,955.85,959.65
2016-06-06,961.0,963.0,952.55,954.8
2016-06-07,957.25,960.95,951.6,955.05
2016-06-08,958.0,958.0,949.15,954.1
2016-06-09,960.0,976.45,956.2,971.15
2016-06-10,974.0,984.4,968.3,976.7
2016-06-13,969.9,983.45,963.05,981.1
2016-06-14,980.95,985.4,969.3,976.25
2016-06-15,980.0,986.5,973.75,984.6
2016-06-16,981.0,983.65,967.05,976.3
2016-06-17,977.0,978.65,970.1,974.9
2016-06-20,972.15,992.6,968.0,990.2
2016-06-21,994.1,994.15,979.7,987.1
2016-06-22,985.0,985.9,977.1,980.5
2016-06-23,979.95,982.0,970.0,980.45
2016-06-24,964.9,964.9,933.4,951.45
2016-06-27,940.5,958.4,940.5,955.65
2016-06-28,956.4,961.55,955.0,957.8
2016-06-29,962.0,968.95,960.0,966.9
2016-06-30,972.0,977.5,967.05,969.15
2016-07-01,972.75,976.8,970.0,973.45
2016-07-04,975.5,993.6,975.5,986.7
2016-07-05,986.1,1002.9,980.3,993.1
2016-07-07,992.5,1000.5,986.15,987.9
2016-07-08,987.0,989.0,976.35,978.4
2016-07-11,991.0,994.95,985.5,992.5
2016-07-12,995.25,1005.0,991.0,1003.4
2016-07-13,1005.2,1016.7,1004.15,1008.75
2016-07-14,1008.1,1014.1,998.25,1004.9
2016-07-15,1009.0,1021.0,1003.5,1012.2
2016-07-18,1028.0,1038.75,1001.75,1006.25
2016-07-19,1006.0,1022.95,995.3,1017.8
2016-07-20,1019.95,1028.3,1016.55,1023.0
2016-07-21,1024.0,1025.0,1005.0,1006.35
2016-07-22,1006.0,1017.8,1005.1,1014.85
2016-07-25,1014.0,1023.75,1007.35,1022.75
2016-07-26,1023.0,1034.8,1015.2,1024.05
2016-07-27,1023.05,1026.0,1008.95,1013.1
2016-07-28,1014.95,1030.5,1013.05,1026.35
2016-07-29,1024.0,1024.9,1012.0,1014.9
2016-08-01,1018.0,1020.3,1005.05,1009.5
2016-08-02,1008.0,1020.0,1006.3,1012.8
2016-08-03,1014.4,1014.4,991.5,993.95
2016-08-04,999.0,1000.0,983.4,993.0
2016-08-05,998.0,1019.0,997.05,1016.25
2016-08-08,1019.9,1034.0,1018.65,1029.25
2016-08-09,1027.0,1034.5,1021.0,1030.7
2016-08-10,1031.25,1034.55,1002.0,1003.65
2016-08-11,1001.95,1022.85,999.6,1014.1
2016-08-12,1017.0,1042.9,1017.0,1035.8
2016-08-16,1036.25,1044.8,1015.5,1024.9
2016-08-17,1024.1,1028.8,1007.2,1013.3
2016-08-18,1016.0,1023.65,1016.0,1018.05
2016-08-19,1018.0,1022.0,1007.1,1014.9
2016-08-22,1012.0,1019.7,1007.2,1011.85
2016-08-23,1012.0,1015.0,1005.0,1010.45
2016-08-24,1011.7,1021.95,1011.0,1020.5
2016-08-25,1021.2,1029.0,1009.0,1012.7
2016-08-26,1017.9,1030.8,1014.6,1027.9
2016-08-29,1027.25,1059.75,1026.1,1057.45
2016-08-30,1062.0,1068.5,1053.0,1066.4
2016-08-31,1064.9,1074.0,1047.0,1060.0
2016-09-01,1053.0,1072.75,1025.7,1029.2
2016-09-02,1031.1,1032.55,1002.3,1013.35
2016-09-06,1019.9,1025.0,1015.0,1019.9
2016-09-07,1022.0,1027.05,1013.05,1017.65
2016-09-08,1023.05,1035.95,1020.2,1033.4
2016-09-09,1035.0,1049.9,1030.0,1044.55
2016-09-12,1030.4,1056.0,1029.15,1046.5
2016-09-14,1048.0,1059.0,1040.9,1044.75
2016-09-15,1047.0,1070.2,1047.0,1065.0
2016-09-16,1067.0,1093.85,1059.1,1075.55
2016-09-19,1072.55,1088.0,1071.0,1082.4
2016-09-20,1084.0,1084.75,1069.05,1074.2
2016-09-21,1074.0,1084.9,1069.0,1072.25
2016-09-22,1083.0,1095.8,1079.0,1088.95
2016-09-23,1089.0,1109.45,1089.0,1102.8
2016-09-26,1103.4,1129.55,1100.25,1107.2
2016-09-27,1117.0,1125.95,1106.6,1110.5
2016-09-28,1107.9,1108.0,1086.3,1090.65
2016-09-29,1095.0,1110.75,1067.4,1072.45
2016-09-30,1068.0,1094.55,1066.3,1083.7
2016-10-03,1087.0,1107.95,1076.25,1090.7
2016-10-04,1093.05,1108.3,1092.0,1096.35
2016-10-05,1104.0,1106.5,1085.8,1089.4
2016-10-06,1092.0,1126.25,1092.0,1110.8
2016-10-07,1114.0,1123.05,1106.5,1109.0
2016-10-10,1114.0,1122.0,1094.0,1096.35
2016-10-13,1089.0,1089.05,1052.0,1057.15
2016-10-14,1063.0,1082.0,1061.65,1077.65
2016-10-17,1080.0,1080.8,1058.75,1060.65
2016-10-18,1066.0,1082.75,1062.05,1081.1
2016-10-19,1084.45,1094.7,1081.4,1087.35
2016-10-20,1093.95,1098.0,1084.05,1087.55
2016-10-21,1097.0,1097.0,1058.4,1064.2
2016-10-24,1070.0,1074.0,1060.65,1063.3
2016-10-25,1065.0,1065.25,1054.2,1060.85
2016-10-26,1056.05,1059.45,1052.1,1054.05
2016-10-27,1051.1,1053.9,1043.4,1048.7
2016-10-28,1050.0,1058.0,1043.8,1054.95
2016-10-30,1058.75,1058.75,1046.3,1051.2
2016-11-01,1051.3,1055.95,1047.4,1051.0
2016-11-02,1041.0,1042.85,1021.0,1023.75
2016-11-03,1023.85,1034.75,1020.6,1023.95
2016-11-04,1020.25,1026.9,1000.0,1005.55
2016-11-07,1014.0,1016.55,999.05,1001.15
2016-11-08,1005.7,1005.7,998.3,1003.5
2016-11-09,950.0,1009.0,930.0,1004.6
2016-11-10,1018.6,1028.95,1007.0,1010.4
2016-11-11,997.85,1017.5,995.1,1001.75
2016-11-15,996.5,1000.0,979.55,985.4
2016-11-16,995.0,996.8,980.7,986.55
2016-11-17,986.0,998.15,974.4,977.75
2016-11-18,985.0,992.7,982.0,987.5
2016-11-21,987.55,993.55,983.2,991.5
2016-11-22,997.7,1007.8,993.3,1001.45
2016-11-23,1005.0,1010.5,999.55,1009.0
2016-11-24,1005.55,1005.55,982.2,987.35
2016-11-25,990.0,995.9,984.35,993.7
2016-11-28,993.0,1000.6,984.1,986.65
2016-11-29,989.0,1004.3,988.05,997.7
2016-11-30,999.95,999.95,986.65,990.05
2016-12-01,1000.0,1015.0,995.0,997.75
2016-12-02,995.9,1005.0,991.8,994.75
2016-12-05,995.0,999.7,986.5,993.85
2016-12-06,996.0,1006.55,994.6,1005.2
2016-12-07,1004.0,1007.6,996.35,999.15
2016-12-08,1005.05,1021.8,1004.35,1020.05
2016-12-09,1022.0,1031.85,1020.3,1028.95
2016-12-12,1020.5,1041.7,1020.5,1027.2
2016-12-13,1028.0,1041.0,1027.55,1039.8
2016-12-14,1039.8,1064.45,1038.2,1059.5
2016-12-15,1052.4,1067.6,1048.65,1052.95
2016-12-16,1052.0,1062.0,1052.0,1057.15
2016-12-19,1055.0,1066.95,1054.35,1062.55
2016-12-20,1054.7,1061.0,1053.15,1057.9
2016-12-21,1060.1,1067.3,1057.2,1063.25
2016-12-22,1058.0,1062.65,1050.95,1053.35
2016-12-23,1052.0,1068.95,1052.0,1057.3
2016-12-26,1054.35,1066.0,1044.65,1047.45
2016-12-27,1047.85,1067.1,1047.0,1064.7
2016-12-28,1067.9,1069.55,1047.1,1049.7
2016-12-29,1050.0,1068.8,1049.5,1065.45
2016-12-30,1064.8,1085.0,1063.1,1082.4
2017-01-02,1084.0,1090.0,1072.35,1085.1
2017-01-03,1089.85,1097.0,1081.1,1089.4
2017-01-04,1092.9,1093.0,1064.3,1067.15
2017-01-05,1071.0,1079.9,1068.75,1077.4
2017-01-06,1074.2,1085.0,1073.1,1074.95
2017-01-09,1077.0,1086.0,1071.0,1077.7
2017-01-10,1080.0,1094.4,1080.0,1089.85
2017-01-11,1095.0,1095.7,1084.0,1086.05
2017-01-12,1087.0,1090.35,1079.8,1083.3
2017-01-13,1084.55,1097.5,1084.55,1090.4
2017-01-16,1089.95,1093.95,1073.95,1076.25
2017-01-17,1065.0,1068.0,1038.5,1041.25
2017-01-18,1042.6,1048.0,1028.75,1032.55
2017-01-19,1035.15,1045.3,1031.0,1033.7
2017-01-20,1033.95,1037.45,1023.9,1025.8
2017-01-23,1021.8,1031.0,1012.8,1015.9
2017-01-24,1017.0,1028.8,1017.0,1027.3
2017-01-25,1032.0,1032.7,1016.15,1017.3
2017-01-27,1020.25,1028.9,1019.0,1025.1
2017-01-30,1024.95,1046.45,1024.8,1044.8
2017-01-31,1046.85,1053.8,1040.3,1045.2
2017-02-01,1046.1,1050.9,1035.2,1049.65
2017-02-02,1050.0,1050.8,1038.25,1043.5
2017-02-03,1046.0,1050.45,1030.1,1033.65
2017-02-06,1037.0,1044.9,1032.05,1041.65
2017-02-07,1042.0,1042.35,1027.2,1030.9
2017-02-08,1030.9,1038.25,1022.0,1025.15
2017-02-09,1028.0,1034.0,1026.8,1032.75
2017-02-10,1035.0,1035.55,1025.55,1030.15
2017-02-13,1033.0,1034.0,1022.0,1029.85
2017-02-14,1035.0,1052.9,1029.9,1049.8
2017-02-15,1052.9,1057.5,1045.25,1051.3
2017-02-16,1052.55,1069.45,1052.55,1067.5
2017-02-17,1066.5,1078.2,1058.45,1075.5
2017-02-20,1070.55,1078.85,1066.5,1075.4
2017-02-21,1075.2,1090.95,1073.05,1088.2
2017-02-22,1093.0,1211.65,1092.0,1207.5
2017-02-23,1213.6,1222.0,1179.35,1182.75
2017-02-27,1190.5,1256.8,1190.35,1238.9
2017-02-28,1232.0,1248.0,1228.5,1238.05
2017-03-01,1240.1,1244.4,1230.0,1234.5
2017-03-02,1237.9,1254.7,1227.05,1236.75
2017-03-03,1241.55,1287.8,1241.55,1258.55
2017-03-06,1269.0,1312.0,1265.25,1305.35
2017-03-07,1318.85,1327.0,1296.15,1304.95
2017-03-08,1307.7,1307.7,1286.1,1291.2
2017-03-09,1290.0,1298.0,1281.5,1286.75
2017-03-10,1290.25,1296.0,1261.2,1281.65
2017-03-14,1318.75,1319.0,1285.25,1289.5
2017-03-15,1291.05,1316.3,1290.4,1304.95
2017-03-16,1310.0,1310.4,1293.6,1297.65
2017-03-17,1308.0,1319.95,1298.05,1300.7
2017-03-20,1306.0,1306.25,1278.35,1280.8
2017-03-21,1282.2,1283.9,1259.3,1263.8
2017-03-22,1252.0,1265.9,1246.55,1259.7
2017-03-23,1263.15,1277.55,1258.0,1273.3
2017-03-24,1274.1,1292.0,1268.45,1286.75
2017-03-27,1271.1,1278.75,1247.2,1251.1
2017-03-28,1258.0,1264.0,1242.1,1245.75
2017-03-29,1251.7,1260.0,1233.35,1256.65
2017-03-30,1255.0,1274.75,1253.0,1270.65
2017-03-31,1266.0,1337.65,1266.0,1320.9
2017-04-03,1342.0,1380.5,1337.05,1374.65
2017-04-05,1395.2,1418.0,1380.1,1415.0
2017-04-06,1409.0,1448.9,1402.2,1438.5
2017-04-07,1421.3,1434.0,1402.55,1406.6
2017-04-10,1410.0,1424.9,1377.3,1381.35
2017-04-11,1387.85,1400.45,1370.1,1372.35
2017-04-12,1382.8,1386.45,1351.15,1354.0
2017-04-13,1354.0,1373.4,1347.35,1364.8
2017-04-17,1365.0,1395.55,1365.0,1391.85
2017-04-18,1399.95,1410.0,1367.0,1370.2
2017-04-19,1369.0,1382.55,1357.55,1368.8
2017-04-20,1379.0,1386.8,1364.1,1369.55
2017-04-21,1380.5,1421.0,1378.55,1402.5
2017-04-24,1409.05,1435.0,1400.2,1417.4
2017-04-25,1460.0,1467.75,1426.1,1432.8
2017-04-26,1435.0,1440.05,1402.6,1416.45
2017-04-27,1417.0,1424.15,1402.2,1409.5
2017-04-28,1409.75,1420.3,1391.0,1395.2
2017-05-02,1402.0,1402.0,1366.3,1370.55
2017-05-03,1376.9,1380.75,1365.0,1370.1
2017-05-04,1375.0,1379.6,1354.05,1357.95
2017-05-05,1361.6,1367.35,1325.0,1328.25
2017-05-08,1330.0,1339.5,1318.35,1321.4
2017-05-09,1324.0,1333.65,1320.25,1330.35
2017-05-10,1334.8,1363.6,1330.65,1359.1
2017-05-11,1364.1,1369.75,1351.65,1359.55
2017-05-12,1360.05,1364.0,1344.05,1350.45
2017-05-15,1356.4,1356.4,1333.5,1344.1
2017-05-16,1346.05,1376.9,1341.0,1356.3
2017-05-17,1353.0,1365.95,1347.75,1353.1
2017-05-18,1340.25,1350.0,1324.1,1327.35
2017-05-19,1333.0,1335.7,1310.0,1318.85
2017-05-22,1326.5,1333.6,1315.2,1324.15
2017-05-23,1325.7,1329.85,1302.0,1305.55
2017-05-24,1307.5,1313.7,1295.1,1297.7
2017-05-25,1300.0,1312.4,1296.45,1302.45
2017-05-26,1303.95,1344.4,1300.0,1337.3
2017-05-29,1337.0,1365.45,1335.6,1356.9
2017-05-30,1355.9,1364.7,1348.5,1359.35
2017-05-31,1367.0,1367.95,1335.8,1340.7
2017-06-01,1332.7,1340.0,1323.0,1328.25
2017-06-02,1335.0,1338.7,1317.0,1324.75
2017-06-05,1326.25,1341.0,1315.85,1329.35
2017-06-06,1333.95,1333.95,1311.0,1312.8
2017-06-07,1311.2,1342.0,1309.0,1339.0
2017-06-08,1340.0,1344.8,1328.05,1331.7
2017-06-09,1345.1,1352.95,1331.0,1335.7
2017-06-12,1326.55,1329.75,1317.0,1319.45
2017-06-13,1320.6,1327.0,1311.0,1314.35
2017-06-14,1315.9,1360.0,1315.9,1357.5
2017-06-15,1360.0,1395.0,1359.1,1383.95
2017-06-16,1389.1,1395.8,1369.3,1388.8
2017-06-19,1390.2,1415.8,1390.2,1409.25
2017-06-20,1409.0,1422.1,1407.45,1412.35
2017-06-21,1407.8,1428.0,1404.25,1422.0
2017-06-22,1429.45,1445.4,1427.7,1432.65
2017-06-23,1436.0,1442.0,1430.6,1435.85
2017-06-27,1432.0,1443.0,1425.0,1437.15
2017-06-28,1439.95,1439.95,1395.55,1398.5
2017-06-29,1400.0,1410.0,1390.1,1392.7
2017-06-30,1392.0,1392.4,1375.05,1380.0
2017-07-03,1388.2,1394.7,1371.0,1381.05
2017-07-04,1390.0,1427.1,1389.0,1421.95
2017-07-05,1429.45,1447.45,1424.0,1442.65
2017-07-06,1448.7,1450.0,1438.0,1442.55
2017-07-07,1443.0,1497.75,1440.0,1491.15
2017-07-10,1530.0,1550.0,1489.1,1492.85
2017-07-11,1501.0,1504.4,1487.0,1494.35
2017-07-12,1499.4,1525.0,1497.5,1511.1
2017-07-13,1508.75,1525.0,1506.15,1522.1
2017-07-14,1520.0,1536.0,1515.55,1533.75
2017-07-17,1537.0,1559.6,1537.0,1551.75
2017-07-18,1546.8,1551.8,1511.0,1519.9
2017-07-19,1512.6,1538.0,1512.6,1532.95
2017-07-20,1539.75,1550.0,1523.7,1528.9
2017-07-21,1550.0,1591.7,1544.95,1585.0
2017-07-24,1600.0,1624.9,1585.0,1615.25
2017-07-25,1624.7,1624.95,1597.6,1602.15
2017-07-26,1604.2,1629.9,1601.1,1622.75
2017-07-27,1628.0,1631.5,1588.35,1594.8
2017-07-28,1591.25,1605.95,1578.0,1594.45
2017-07-31,1601.95,1618.8,1596.0,1615.2
2017-08-01,1622.75,1622.75,1591.5,1603.6
2017-08-02,1610.0,1635.7,1608.1,1629.2
2017-08-03,1626.85,1664.9,1617.05,1650.1
2017-08-04,1663.0,1663.0,1615.1,1622.15
2017-08-07,1631.6,1631.6,1612.55,1616.35
2017-08-08,1618.0,1621.05,1586.8,1602.55
2017-08-09,1601.5,1620.0,1585.0,1598.8
2017-08-10,1593.05,1606.65,1577.95,1584.35
2017-08-11,1550.95,1580.0,1533.0,1546.25
2017-08-14,1561.0,1584.5,1561.0,1573.05
2017-08-16,1572.0,1576.0,1550.2,1566.1
2017-08-17,1569.0,1597.65,1561.15,1567.1
2017-08-18,1564.0,1577.8,1553.15,1575.4
2017-08-21,1577.0,1584.15,1560.25,1564.4
2017-08-22,1572.0,1579.9,1556.05,1560.05
2017-08-23,1564.85,1586.55,1553.15,1582.05
2017-08-24,1590.0,1593.1,1564.5,1568.05
2017-08-28,1579.05,1581.95,1561.2,1566.55
2017-08-29,1561.85,1567.5,1530.0,1532.15
2017-08-30,1547.55,1568.8,1541.25,1564.1
2017-08-31,1575.0,1597.45,1574.0,1594.5
2017-09-01,1599.85,1616.6,1599.0,1610.1
2017-09-04,1615.5,1636.15,1595.85,1613.35
2017-09-05,1630.0,1634.85,1621.05,1632.6
2017-09-06,1626.4,1652.5,1622.8,1645.4
2017-09-07,823.0,832.5,815.0,818.1
2017-09-08,820.0,823.25,812.1,816.9
2017-09-11,821.3,826.85,816.55,817.9
2017-09-12,822.75,825.0,817.0,823.75
2017-09-13,824.0,859.9,822.0,849.0
2017-09-14,855.8,861.5,842.0,843.85
2017-09-15,842.0,852.85,834.75,841.8
2017-09-18,850.0,851.05,843.1,845.55
2017-09-19,848.7,848.75,837.0,838.6
2017-09-20,856.1,872.5,845.1,847.15
2017-09-21,847.0,851.7,836.25,841.35
2017-09-22,839.9,839.9,813.2,817.4
2017-09-25,815.0,827.95,805.2,821.55
2017-09-26,821.7,827.05,812.2,820.1
2017-09-27,825.6,825.7,795.5,799.15
2017-09-28,799.65,802.9,780.2,786.45
2017-09-29,791.75,793.4,779.1,780.9
2017-10-03,795.0,803.85,785.35,798.35
2017-10-04,799.2,824.95,795.6,818.85
2017-10-05,825.0,828.45,818.65,824.15
2017-10-06,824.0,839.35,822.6,837.05
2017-10-09,839.0,839.8,828.0,830.65
2017-10-10,831.0,847.3,831.0,843.2
2017-10-11,845.3,858.4,836.0,840.15
2017-10-12,842.1,876.8,842.1,872.75
2017-10-13,879.3,890.7,873.35,876.45
2017-10-16,879.0,892.0,861.3,876.8
2017-10-17,878.0,884.0,867.2,874.35
2017-10-18,877.4,917.9,875.0,914.5
2017-10-19,915.8,921.9,903.0,909.9
2017-10-23,912.9,944.7,909.1,939.75
2017-10-24,947.7,947.7,928.2,934.25
2017-10-25,940.1,945.9,929.5,939.9
2017-10-26,940.0,957.8,931.0,947.4
2017-10-27,950.0,956.7,925.7,929.85
2017-10-30,934.0,945.55,930.6,942.5
2017-10-31,944.95,945.75,932.2,940.85
2017-11-01,947.75,957.8,945.75,952.55
2017-11-02,952.8,956.5,944.25,946.6
2017-11-03,955.95,955.95,940.15,945.3
2017-11-06,942.5,942.5,929.0,932.5
2017-11-07,933.35,935.0,903.05,906.7
2017-11-08,902.5,906.0,884.1,887.8
2017-11-09,894.75,909.9,892.05,900.5
2017-11-10,900.95,900.95,879.2,883.85
2017-11-13,885.0,891.9,873.5,875.25
2017-11-14,875.0,895.0,873.0,886.7
2017-11-15,884.5,890.6,877.95,883.7
2017-11-16,885.5,906.0,885.5,903.85
2017-11-17,918.95,924.9,908.5,911.9
2017-11-20,906.2,924.35,905.0,920.85
2017-11-21,926.8,939.65,925.5,932.55
2017-11-22,937.45,938.65,923.45,930.75
2017-11-23,931.0,949.9,926.65,947.0
2017-11-24,950.0,959.5,947.4,951.1
2017-11-27,947.25,957.5,944.0,951.35
2017-11-28,949.85,951.35,938.1,943.35
2017-11-29,941.85,950.0,941.0,946.0
2017-11-30,941.45,941.45,919.5,921.55
2017-12-01,924.45,931.25,907.7,910.1
2017-12-04,913.5,913.8,897.35,901.6
2017-12-05,901.05,920.75,895.45,913.7
2017-12-06,910.0,930.3,908.8,926.65
2017-12-07,930.05,936.0,923.0,931.55
2017-12-08,933.85,936.95,919.05,921.0
2017-12-11,922.45,926.0,913.55,916.15
2017-12-12,915.95,929.0,908.0,915.6
2017-12-13,916.9,924.95,910.7,914.65
2017-12-14,919.0,924.9,908.75,921.5
2017-12-15,931.0,932.95,917.7,919.75
2017-12-18,911.95,932.65,862.65,921.0
2017-12-19,923.6,927.0,920.0,925.95
2017-12-20,925.9,927.4,917.0,918.15
2017-12-21,918.45,923.95,910.0,912.95
2017-12-22,914.65,922.4,909.3,920.4
2017-12-26,924.85,938.9,918.15,929.8
2017-12-27,933.0,937.5,919.0,923.75
2017-12-28,925.25,934.4,919.1,924.2
2017-12-29,926.5,932.3,918.5,921.05
2018-01-01,922.7,922.7,907.5,909.75
2018-01-02,913.0,919.55,906.4,911.15
2018-01-03,925.0,926.0,913.05,914.8
2018-01-04,918.15,921.8,915.7,920.3
2018-01-05,921.8,926.9,920.25,923.25
2018-01-08,926.1,931.0,923.5,928.55
2018-01-09,928.15,943.9,924.0,940.95
2018-01-10,943.0,947.4,935.5,942.35
2018-01-11,941.8,942.65,935.0,937.75
2018-01-12,943.0,952.8,938.25,949.0
2018-01-15,950.0,958.5,945.2,949.15
2018-01-16,947.7,947.7,920.0,922.95
2018-01-17,926.0,929.0,907.0,924.5
2018-01-18,929.0,929.6,915.1,919.7
2018-01-19,923.0,934.4,922.1,931.3
2018-01-22,948.0,974.3,940.0,971.5
2018-01-23,975.0,990.95,975.0,983.25
2018-01-24,981.75,981.75,962.65,966.35
2018-01-25,967.9,972.0,956.15,965.9
2018-01-29,966.2,977.3,959.3,964.5
2018-01-30,965.8,965.8,949.0,950.4
2018-01-31,950.0,964.5,941.55,961.3
2018-02-01,963.25,972.6,936.6,943.85
2018-02-02,935.0,943.95,901.0,904.35
2018-02-05,894.0,912.5,881.8,902.15
2018-02-06,877.0,898.0,871.0,892.1
2018-02-07,902.55,905.4,890.0,894.4
2018-02-08,897.9,910.65,892.35,904.55
2018-02-09,889.0,902.0,886.0,897.85
2018-02-12,903.0,918.2,902.05,915.5
2018-02-14,923.0,942.5,921.0,933.65
2018-02-15,937.65,945.75,928.15,935.65
2018-02-16,939.6,942.6,918.1,921.3
2018-02-19,921.0,932.0,913.55,927.0
2018-02-20,929.0,929.55,918.8,921.1
2018-02-21,930.0,932.5,922.15,929.35
2018-02-22,922.0,931.0,920.0,924.35
2018-02-23,925.4,938.0,922.75,934.25
2018-02-26,939.0,944.9,936.6,938.7
2018-02-27,939.0,955.8,938.35,950.5
2018-02-28,945.95,957.1,943.2,954.55
2018-03-01,949.75,959.9,945.95,948.4
2018-03-05,943.0,950.15,921.6,924.1
2018-03-06,929.0,936.2,905.1,910.85
2018-03-07,909.25,909.25,888.05,889.75
2018-03-08,897.65,914.5,893.3,911.45
2018-03-09,914.9,919.35,911.05,913.1
2018-03-12,920.0,933.1,917.55,930.3
2018-03-13,931.9,936.0,921.35,931.85
2018-03-14,928.8,932.05,919.2,929.05
2018-03-15,925.0,929.45,910.0,911.8
2018-03-16,909.0,909.7,886.05,900.05
2018-03-19,901.0,906.9,892.0,895.5
2018-03-20,893.3,904.0,887.05,889.8
2018-03-21,894.85,902.35,893.3,896.9
2018-03-22,896.0,911.95,895.75,908.15
2018-03-23,890.6,900.0,889.1,893.9
2018-03-26,893.95,904.3,892.5,901.1
2018-03-27,907.2,910.75,897.0,899.8
2018-03-28,895.8,895.85,880.0,882.7
2018-04-02,893.0,900.95,886.5,892.95
2018-04-03,891.0,901.7,885.25,899.55
2018-04-04,904.7,911.8,892.05,894.9
2018-04-05,905.1,910.0,903.5,908.2
2018-04-06,908.0,918.5,905.0,911.0
2018-04-09,912.55,919.0,912.55,916.0
2018-04-10,918.4,923.9,914.15,917.05
2018-04-11,921.8,932.75,916.05,930.85
2018-04-12,929.85,936.65,924.2,928.7
2018-04-13,932.7,941.7,928.7,938.85
2018-04-16,934.45,940.0,928.5,937.05
2018-04-17,940.0,947.2,936.0,944.25
2018-04-18,945.25,948.2,935.05,938.0
2018-04-19,939.1,945.0,935.0,942.3
2018-04-20,938.0,941.85,921.2,927.9
2018-04-23,930.0,944.35,928.5,936.0
2018-04-24,935.8,975.7,935.0,970.05
2018-04-25,973.65,981.8,963.55,970.5
2018-04-26,973.0,988.0,962.25,975.35
2018-04-27,989.8,1011.0,985.5,996.3
2018-04-30,982.0,992.6,960.0,963.3
2018-05-02,967.0,979.2,965.05,972.7
2018-05-03,977.9,977.9,959.25,961.6
2018-05-04,962.85,964.7,950.0,953.95
2018-05-07,958.85,973.25,956.35,971.0
2018-05-08,977.5,982.0,965.2,967.1
2018-05-09,965.9,984.3,962.25,976.7
2018-05-10,980.0,984.6,974.25,981.15
2018-05-11,981.25,991.3,977.75,989.25
2018-05-14,991.95,991.95,976.7,986.6
2018-05-15,983.05,1000.0,976.65,978.95
2018-05-16,974.0,974.0,952.45,956.15
2018-05-17,959.35,960.0,941.5,945.35
2018-05-18,945.6,953.5,932.0,933.85
2018-05-21,930.75,935.7,922.1,931.35
2018-05-22,933.15,934.0,925.0,926.75
2018-05-23,926.0,926.0,909.15,912.25
2018-05-24,914.0,921.0,910.15,915.85
2018-05-25,916.0,923.4,914.45,920.8
2018-05-28,924.9,927.0,918.1,920.4
2018-05-29,921.5,928.0,914.4,917.45
2018-05-30,914.85,923.2,906.6,916.1
2018-05-31,921.0,922.3,914.55,921.35
2018-06-01,920.0,935.75,918.45,930.55
2018-06-04,933.4,944.0,930.55,940.85
2018-06-05,942.8,955.0,941.0,947.65
2018-06-06,947.0,956.0,942.65,954.4
2018-06-07,954.9,976.0,954.45,971.35
2018-06-08,966.35,986.55,960.6,984.35
2018-06-11,987.1,999.95,979.05,982.65
2018-06-12,983.4,1000.0,980.3,997.15
2018-06-13,1000.0,1005.9,989.5,1002.5
2018-06-14,997.45,1011.8,987.4,1007.95
2018-06-15,1006.0,1023.5,999.25,1014.2
2018-06-18,1008.8,1020.45,1007.0,1015.55
2018-06-19,1013.9,1014.8,993.65,996.05
2018-06-20,996.0,1022.9,994.85,1019.25
2018-06-21,1023.45,1036.0,1021.3,1031.95
2018-06-22,1028.4,1029.2,1008.45,1012.5
2018-06-25,1011.4,1016.5,1002.3,1004.45
2018-06-26,1006.0,1006.0,975.25,978.95
2018-06-27,978.5,985.4,962.7,965.85
2018-06-28,962.0,968.5,940.3,944.95
2018-06-29,949.1,975.5,949.0,972.45
2018-07-02,972.35,972.35,957.0,960.6
2018-07-03,965.0,978.45,960.35,971.3
2018-07-04,971.8,992.0,971.0,990.1
2018-07-05,997.0,1008.4,958.6,964.5
2018-07-06,964.75,983.0,964.5,977.55
2018-07-09,987.1,1000.0,983.5,997.1
2018-07-10,1002.75,1028.5,1000.0,1025.7
2018-07-11,1025.0,1040.9,1017.85,1038.8
2018-07-12,1044.35,1099.0,1042.6,1082.35
2018-07-13,1080.5,1109.0,1080.0,1099.8
2018-07-16,1099.8,1108.9,1073.05,1076.2
2018-07-17,1078.3,1095.95,1069.6,1092.35
2018-07-18,1098.4,1104.6,1077.3,1092.55
2018-07-19,1093.3,1115.0,1086.35,1104.85
2018-07-20,1113.4,1138.5,1111.9,1128.65
2018-07-23,1129.8,1129.8,1113.1,1120.3
2018-07-24,1122.0,1126.75,1107.4,1110.95
2018-07-25,1110.0,1123.0,1104.2,1115.15
2018-07-26,1110.1,1121.5,1107.8,1110.65
2018-07-27,1119.5,1137.4,1112.15,1129.85
2018-07-30,1130.0,1157.3,1128.0,1151.4
2018-07-31,1151.0,1190.4,1147.15,1186.0
2018-08-01,1190.4,1202.9,1185.4,1192.35
2018-08-02,1191.5,1191.5,1165.95,1168.35
2018-08-03,1175.0,1183.5,1169.55,1176.95
2018-08-06,1176.7,1196.0,1175.35,1192.6
2018-08-07,1194.9,1201.4,1177.0,1184.2
2018-08-08,1185.0,1222.5,1185.0,1217.7
2018-08-09,1221.5,1231.7,1212.0,1217.95
2018-08-10,1211.0,1215.0,1202.3,1204.2
2018-08-13,1197.55,1199.95,1182.7,1187.7
2018-08-14,1190.0,1217.2,1184.3,1210.6
2018-08-16,1203.25,1216.0,1195.5,1200.8
2018-08-17,1209.0,1215.4,1200.05,1203.75
2018-08-20,1207.9,1236.8,1207.65,1234.9
2018-08-21,1237.25,1251.5,1227.0,1247.2
2018-08-23,1246.3,1274.0,1238.4,1269.45
2018-08-24,1265.25,1279.95,1260.05,1277.5
2018-08-27,1279.4,1295.85,1278.75,1291.5
2018-08-28,1296.0,1323.0,1295.0,1319.0
2018-08-29,1316.3,1329.0,1290.2,1294.2
2018-08-30,1293.6,1297.15,1270.45,1274.45
2018-08-31,1270.0,1270.0,1236.6,1241.65
2018-09-03,1245.0,1257.9,1226.05,1229.15
2018-09-04,1235.15,1254.8,1229.0,1241.95
2018-09-05,1242.5,1252.65,1208.5,1227.0
2018-09-06,1230.15,1265.7,1225.35,1261.4
2018-09-07,1264.9,1281.35,1254.5,1278.6
2018-09-10,1275.0,1277.0,1250.1,1255.85
2018-09-11,1259.0,1268.4,1234.25,1237.7
2018-09-12,1251.8,1258.7,1228.85,1252.5
2018-09-14,1259.4,1275.6,1247.65,1253.15
2018-09-17,1250.75,1250.75,1221.6,1225.9
2018-09-18,1226.0,1239.4,1214.35,1217.15
2018-09-19,1224.0,1224.0,1201.0,1210.75
2018-09-21,1219.0,1237.4,1183.5,1217.5
2018-09-24,1214.45,1239.9,1204.5,1232.05
2018-09-25,1235.5,1245.0,1195.0,1230.6
2018-09-26,1239.0,1253.95,1227.15,1251.4
2018-09-27,1255.0,1263.0,1237.5,1253.75
2018-09-28,1259.9,1271.7,1247.3,1257.95
2018-10-01,1257.7,1257.7,1204.0,1231.7
2018-10-03,1229.5,1239.6,1200.05,1205.1
2018-10-04,1189.5,1190.4,1106.0,1122.25
2018-10-05,1099.5,1115.3,1038.15,1048.85
2018-10-08,1050.0,1117.0,1025.55,1109.4
2018-10-09,1121.65,1123.3,1081.2,1090.05
2018-10-10,1093.9,1115.85,1084.3,1102.1
2018-10-11,1064.0,1114.75,1043.0,1087.8
2018-10-12,1104.95,1129.0,1101.9,1126.55
2018-10-15,1129.9,1146.9,1118.15,1139.75
2018-10-16,1146.0,1167.4,1140.0,1163.8
2018-10-17,1179.0,1179.35,1140.0,1151.3
2018-10-19,1100.0,1111.0,1070.25,1101.3
2018-10-22,1110.0,1114.8,1057.35,1062.65
2018-10-23,1052.75,1064.7,1043.65,1054.7
2018-10-24,1074.9,1075.95,1031.4,1045.75
2018-10-25,1036.0,1040.65,1016.4,1030.8
2018-10-26,1032.9,1057.0,1022.0,1044.9
2018-10-29,1046.0,1093.85,1046.0,1087.8
2018-10-30,1085.5,1085.5,1052.1,1057.0
2018-10-31,1059.0,1065.85,1047.0,1061.25
2018-11-01,1067.9,1067.9,1050.0,1056.25
2018-11-02,1067.0,1081.0,1063.15,1074.9
2018-11-05,1073.45,1092.7,1065.0,1090.3
2018-11-06,1094.0,1112.0,1091.6,1104.1
2018-11-07,1115.0,1115.0,1106.7,1110.7
2018-11-09,1106.25,1113.8,1085.0,1093.45
2018-11-12,1097.7,1098.8,1074.55,1080.0
2018-11-13,1074.0,1103.0,1070.05,1099.45
2018-11-14,1105.05,1112.65,1085.5,1097.95
2018-11-15,1096.95,1103.0,1086.5,1096.85
2018-11-16,1097.95,1129.95,1097.1,1127.4
2018-11-19,1132.9,1151.7,1131.0,1150.0
2018-11-20,1145.0,1155.9,1130.0,1137.4
2018-11-21,1137.5,1145.5,1107.05,1112.9
2018-11-22,1114.5,1125.35,1100.1,1102.85
2018-11-26,1109.0,1117.5,1097.4,1109.75
2018-11-27,1107.9,1130.0,1105.45,1128.2
2018-11-28,1132.45,1157.75,1126.3,1152.65
2018-11-29,1161.0,1179.9,1160.0,1168.5
2018-11-30,1172.3,1186.0,1162.3,1167.55
2018-12-03,1174.9,1174.9,1148.5,1156.45
2018-12-04,1158.0,1158.0,1142.2,1152.3
2018-12-05,1143.75,1158.8,1139.3,1155.15
2018-12-06,1149.0,1149.0,1118.25,1123.65
2018-12-07,1129.45,1136.95,1108.35,1133.8
2018-12-10,1110.0,1114.3,1083.1,1090.25
2018-12-11,1066.0,1102.1,1055.0,1097.55
2018-12-12,1099.0,1113.5,1087.75,1110.5
2018-12-13,1128.0,1128.0,1095.05,1107.05
2018-12-14,1103.1,1114.9,1091.8,1112.2
2018-12-17,1115.95,1133.0,1111.5,1129.9
2018-12-18,1123.3,1139.0,1120.5,1136.4
2018-12-19,1141.5,1147.3,1133.2,1136.8
2018-12-20,1121.0,1132.5,1116.15,1128.45
2018-12-21,1125.0,1131.25,1096.0,1100.2
2018-12-24,1100.9,1103.2,1086.55,1089.15
2018-12-26,1085.8,1100.0,1065.65,1098.35
2018-12-27,1107.2,1127.0,1104.0,1120.2
2018-12-28,1125.5,1135.25,1121.2,1125.55
2018-12-31,1130.95,1133.85,1116.2,1121.25
2019-01-01,1125.25,1127.3,1110.1,1121.0
2019-01-02,1114.5,1127.0,1101.0,1106.4
2019-01-03,1107.5,1114.6,1090.1,1092.75
2019-01-04,1097.4,1104.45,1081.1,1098.65
2019-01-07,1107.0,1118.45,1101.0,1104.75
2019-01-08,1105.1,1109.95,1096.0,1104.65
2019-01-09,1112.0,1117.0,1098.7,1110.75
2019-01-10,1107.75,1111.0,1103.0,1107.5
2019-01-11,1107.6,1113.8,1088.6,1098.05
2019-01-14,1095.0,1100.5,1086.4,1096.8
2019-01-15,1105.0,1132.0,1105.0,1129.65
2019-01-16,1135.0,1145.0,1130.35,1135.9
2019-01-17,1144.45,1147.9,1130.0,1134.45
2019-01-18,1148.8,1189.9,1135.25,1184.35
2019-01-21,1194.0,1239.95,1188.65,1237.7
2019-01-22,1232.85,1246.95,1219.6,1235.15
2019-01-23,1233.3,1244.2,1222.0,1226.3
2019-01-24,1225.0,1253.2,1220.1,1247.45
2019-01-25,1250.45,1264.7,1235.4,1246.0
2019-01-28,1250.5,1255.95,1222.4,1229.55
2019-01-29,1231.0,1231.65,1201.35,1210.65
2019-01-30,1215.0,1225.0,1191.1,1195.7
2019-01-31,1202.0,1229.7,1201.0,1227.15
2019-02-01,1234.0,1255.0,1227.05,1249.95
2019-02-04,1247.0,1296.95,1242.05,1290.9
2019-02-05,1292.0,1304.4,1278.6,1291.55
2019-02-06,1296.25,1317.65,1294.25,1310.25
2019-02-07,1310.25,1321.2,1286.1,1290.4
2019-02-08,1284.8,1300.5,1272.25,1277.7
2019-02-11,1275.9,1276.0,1251.0,1253.25
2019-02-12,1251.5,1272.35,1251.5,1256.4
2019-02-13,1261.0,1273.95,1235.75,1245.95
2019-02-14,1241.0,1241.0,1218.0,1224.2
2019-02-15,1229.75,1249.9,1214.0,1244.45
2019-02-18,1250.0,1252.5,1215.0,1220.1
2019-02-19,1218.0,1239.7,1211.2,1216.1
2019-02-20,1223.85,1240.0,1219.0,1234.35
2019-02-21,1236.0,1257.8,1229.35,1246.9
2019-02-22,1244.6,1245.3,1226.0,1232.35
2019-02-25,1236.0,1243.0,1220.65,1232.3
2019-02-26,1209.5,1234.8,1206.0,1220.25
2019-02-27,1228.05,1244.9,1209.0,1223.5
2019-02-28,1233.75,1239.85,1226.55,1231.05
2019-03-01,1237.0,1242.35,1222.25,1226.05
2019-03-05,1223.4,1239.8,1218.6,1237.65
2019-03-06,1239.8,1273.1,1235.1,1264.8
2019-03-07,1264.0,1279.8,1258.15,1270.25
2019-03-08,1266.05,1274.45,1262.0,1267.1
2019-03-11,1270.05,1312.0,1268.0,1304.1
2019-03-12,1316.9,1334.0,1314.25,1331.35
2019-03-13,1337.0,1360.0,1328.1,1347.3
2019-03-14,1349.75,1362.0,1336.1,1341.55
2019-03-15,1345.0,1358.8,1311.2,1321.65
2019-03-18,1331.0,1357.95,1329.0,1350.05
2019-03-19,1360.0,1380.0,1343.1,1376.55
2019-03-20,1377.8,1388.0,1364.0,1375.45
2019-03-22,1372.5,1380.9,1336.7,1341.75
2019-03-25,1330.6,1336.85,1316.7,1324.45
2019-03-26,1330.3,1371.6,1330.0,1367.25
2019-03-27,1377.95,1377.95,1344.25,1349.25
2019-03-28,1350.25,1369.8,1342.8,1360.0
2019-03-29,1370.05,1376.85,1355.1,1363.25
2019-04-01,1370.0,1406.8,1362.55,1391.85
2019-04-02,1398.0,1403.1,1380.1,1389.7
2019-04-03,1392.75,1403.0,1372.0,1375.2
2019-04-04,1379.0,1383.7,1347.25,1353.05
2019-04-05,1360.95,1363.9,1343.0,1353.9
2019-04-08,1356.0,1357.5,1323.7,1329.25
2019-04-09,1328.9,1340.7,1321.0,1334.45
2019-04-10,1337.95,1348.0,1326.5,1331.4
2019-04-11,1332.95,1353.0,1329.0,1346.8
2019-04-12,1350.0,1356.9,1336.65,1343.1
2019-04-15,1345.0,1348.95,1335.0,1340.15
2019-04-16,1345.0,1360.0,1340.0,1343.75
2019-04-18,1375.0,1389.75,1365.0,1385.95
2019-04-22,1360.0,1367.0,1341.3,1345.35
2019-04-23,1348.0,1373.0,1346.0,1363.85
2019-04-24,1370.3,1394.8,1366.25,1389.5
2019-04-25,1389.1,1412.4,1362.6,1372.4
2019-04-26,1375.0,1395.95,1370.7,1392.8
2019-04-30,1396.4,1396.4,1366.8,1392.8
2019-05-02,1392.0,1413.9,1382.1,1405.05
2019-05-03,1407.95,1417.5,1402.65,1408.85
2019-05-06,1398.0,1402.8,1378.1,1384.9
2019-05-07,1394.8,1395.0,1340.2,1343.5
2019-05-08,1340.0,1340.0,1292.2,1299.45
2019-05-09,1288.8,1288.8,1251.75,1256.45
2019-05-10,1265.0,1277.7,1245.0,1251.15
2019-05-13,1247.9,1260.8,1227.5,1232.05
2019-05-14,1236.5,1269.35,1231.5,1260.45
2019-05-15,1273.0,1278.0,1250.6,1256.9
2019-05-16,1259.95,1271.9,1258.1,1265.35
2019-05-17,1267.0,1276.95,1252.0,1267.4
2019-05-20,1313.6,1337.7,1303.5,1325.9
2019-05-21,1332.2,1367.0,1330.05,1339.8
2019-05-22,1345.65,1359.7,1335.1,1340.4
2019-05-23,1372.0,1392.0,1325.0,1333.9
2019-05-24,1348.0,1353.8,1316.5,1336.85
2019-05-27,1337.1,1337.5,1307.0,1310.65
2019-05-28,1319.8,1334.8,1313.35,1323.75
2019-05-29,1321.0,1333.3,1304.15,1313.05
2019-05-30,1316.25,1342.0,1316.25,1329.75
2019-05-31,1337.9,1341.9,1320.2,1330.15
2019-06-03,1335.0,1367.25,1321.2,1360.2
2019-06-04,1357.45,1374.25,1348.1,1351.65
2019-06-06,1361.9,1361.9,1321.1,1327.35
2019-06-07,1325.95,1327.25,1305.6,1314.9
2019-06-10,1320.9,1327.0,1310.1,1319.15
2019-06-11,1321.85,1334.5,1318.0,1329.15
2019-06-12,1334.7,1338.4,1325.0,1332.15
2019-06-13,1330.0,1334.7,1308.65,1327.25
2019-06-14,1321.9,1325.0,1309.4,1317.55
2019-06-17,1320.0,1320.0,1278.5,1282.3
2019-06-18,1278.9,1287.95,1269.1,1281.0
2019-06-19,1286.9,1302.0,1262.6,1277.35
2019-06-20,1280.0,1300.0,1278.0,1296.75
2019-06-21,1295.95,1296.0,1275.55,1279.5
2019-06-24,1272.15,1276.45,1257.1,1262.4
2019-06-25,1258.9,1298.0,1254.25,1295.85
2019-06-26,1291.0,1304.6,1286.35,1294.15
2019-06-27,1293.15,1296.9,1271.0,1274.15
2019-06-28,1277.1,1282.85,1248.65,1253.1
2019-07-01,1258.05,1272.65,1246.45,1268.85
2019-07-02,1273.95,1281.0,1263.3,1278.5
2019-07-03,1282.9,1286.5,1275.05,1282.55
2019-07-04,1281.4,1291.0,1280.0,1284.0
2019-07-05,1285.1,1290.5,1260.0,1263.35
2019-07-08,1258.0,1268.1,1248.2,1252.05
2019-07-09,1248.95,1283.5,1245.5,1280.1
2019-07-10,1280.05,1289.35,1268.7,1278.85
2019-07-11,1287.0,1289.8,1279.3,1281.55
2019-07-12,1283.0,1300.0,1278.05,1280.5
2019-07-15,1285.0,1289.5,1270.35,1276.1
2019-07-16,1279.95,1294.9,1277.05,1293.0
2019-07-17,1294.3,1297.0,1280.0,1281.85
2019-07-18,1282.0,1286.4,1258.0,1261.85
2019-07-19,1268.2,1272.95,1242.7,1249.0
2019-07-22,1251.0,1284.5,1227.3,1280.5
2019-07-23,1285.0,1293.9,1260.4,1273.55
2019-07-24,1273.5,1278.8,1253.55,1259.1
2019-07-25,1264.0,1269.05,1227.0,1231.5
2019-07-26,1231.5,1242.5,1210.0,1213.8
2019-07-29,1216.9,1222.0,1205.1,1210.95
2019-07-30,1213.95,1220.0,1175.95,1180.9
2019-07-31,1175.75,1185.0,1162.4,1166.25
2019-08-01,1163.4,1188.2,1150.35,1180.25
2019-08-02,1175.7,1198.25,1162.1,1184.35
2019-08-05,1167.0,1167.0,1128.0,1143.35
2019-08-06,1134.75,1149.6,1122.0,1128.3
2019-08-07,1126.5,1138.55,1103.1,1109.4
2019-08-08,1108.35,1158.0,1095.3,1152.35
2019-08-09,1161.85,1175.5,1152.3,1162.1
2019-08-13,1233.15,1302.8,1226.0,1274.75
2019-08-14,1304.0,1304.45,1280.35,1288.25
2019-08-16,1291.2,1291.8,1273.0,1278.0
2019-08-19,1281.05,1296.8,1280.0,1292.6
2019-08-20,1289.8,1292.6,1272.6,1275.95
2019-08-21,1275.65,1278.65,1266.5,1270.95
2019-08-22,1270.95,1271.0,1238.9,1246.75
2019-08-23,1239.0,1284.0,1226.5,1275.85
2019-08-26,1294.0,1294.0,1259.0,1266.8
2019-08-27,1285.0,1285.0,1261.2,1274.85
2019-08-28,1273.75,1281.0,1256.05,1263.3
2019-08-29,1256.45,1260.25,1235.3,1241.75
2019-08-30,1245.5,1254.4,1221.0,1248.55
2019-09-03,1242.25,1243.0,1200.0,1206.4
2019-09-04,1200.55,1205.25,1186.05,1201.15
2019-09-05,1206.8,1213.2,1193.3,1198.6
2019-09-06,1203.0,1229.0,1195.25,1222.5
2019-09-09,1220.65,1233.0,1213.15,1222.2
2019-09-11,1222.5,1240.0,1222.5,1234.4
2019-09-12,1235.0,1240.45,1205.7,1210.35
2019-09-13,1212.0,1228.5,1206.9,1225.6
2019-09-16,1189.0,1219.1,1186.1,1210.75
2019-09-17,1211.0,1211.0,1193.5,1197.45
2019-09-18,1204.95,1216.3,1197.2,1205.7
2019-09-19,1207.85,1209.7,1172.65,1179.05
2019-09-20,1187.95,1269.9,1174.3,1254.35
2019-09-23,1274.15,1281.0,1235.0,1239.2
2019-09-24,1243.6,1298.8,1242.75,1278.7
2019-09-25,1284.0,1295.0,1268.85,1279.55
2019-09-26,1292.0,1298.8,1283.5,1296.8
2019-09-27,1292.5,1315.0,1284.0,1309.05
2019-09-30,1310.0,1335.75,1305.55,1332.25
2019-10-01,1337.0,1342.0,1293.3,1304.9
2019-10-03,1286.0,1314.7,1281.3,1311.05
2019-10-04,1319.9,1328.6,1303.85,1308.1
2019-10-07,1308.1,1320.8,1301.7,1310.1
2019-10-09,1308.7,1329.95,1292.5,1324.75
2019-10-10,1325.0,1369.0,1321.0,1362.75
2019-10-11,1363.7,1365.6,1336.55,1352.6
2019-10-14,1364.95,1364.95,1350.85,1358.0
2019-10-15,1362.5,1370.0,1354.3,1364.15
2019-10-16,1369.9,1379.65,1363.7,1372.35
2019-10-17,1375.0,1399.0,1372.0,1396.5
2019-10-18,1404.0,1427.9,1398.7,1416.35
2019-10-22,1425.0,1436.85,1403.35,1414.15
2019-10-23,1416.3,1425.95,1383.15,1392.4
2019-10-24,1401.0,1441.4,1386.55,1436.45
2019-10-25,1441.1,1441.45,1411.25,1431.2
2019-10-27,1441.0,1445.0,1430.0,1434.25
2019-10-29,1445.5,1480.0,1442.1,1467.05
2019-10-30,1480.0,1484.55,1460.3,1479.1
2019-10-31,1484.0,1489.65,1461.7,1464.35
2019-11-01,1455.0,1461.8,1441.0,1456.9
2019-11-04,1465.9,1471.0,1445.1,1457.65
2019-11-05,1463.1,1468.95,1441.0,1447.3
2019-11-06,1442.7,1446.45,1428.5,1434.9
2019-11-07,1435.0,1463.0,1432.2,1458.6
2019-11-08,1449.0,1459.65,1441.3,1445.5
2019-11-11,1439.1,1444.25,1422.55,1427.8
2019-11-13,1430.0,1475.9,1430.0,1472.3
2019-11-14,1476.0,1481.6,1455.8,1462.75
2019-11-15,1465.65,1486.8,1463.15,1470.85
2019-11-18,1472.65,1486.0,1455.4,1459.2
2019-11-19,1467.0,1514.9,1465.0,1509.75
2019-11-20,1555.05,1572.4,1543.2,1547.65
2019-11-21,1545.0,1556.0,1528.55,1537.6
2019-11-22,1542.1,1569.5,1537.6,1546.5
2019-11-25,1551.15,1564.8,1551.0,1561.55
2019-11-26,1568.1,1576.35,1556.0,1560.25
2019-11-27,1559.95,1575.5,1556.1,1569.85
2019-11-28,1572.65,1584.15,1563.95,1580.3
2019-11-29,1581.95,1581.95,1547.85,1551.15
2019-12-02,1600.0,1614.45,1577.0,1586.5
2019-12-03,1592.75,1594.0,1572.6,1578.9
2019-12-04,1573.0,1577.5,1533.75,1552.7
2019-12-05,1574.0,1579.75,1544.0,1550.85
2019-12-06,1553.0,1568.0,1541.1,1554.9
2019-12-09,1556.15,1577.4,1546.5,1572.6
2019-12-10,1572.05,1573.6,1554.15,1561.95
2019-12-11,1555.6,1574.5,1550.6,1562.4
2019-12-12,1570.25,1573.85,1556.65,1568.2
2019-12-13,1580.0,1590.0,1572.4,1582.9
2019-12-16,1592.0,1593.9,1564.35,1566.6
2019-12-17,1566.75,1579.0,1555.55,1562.7
2019-12-18,1563.0,1580.0,1562.0,1575.85
2019-12-19,1573.7,1614.9,1571.8,1609.95
2019-12-20,1615.0,1617.55,1596.1,1599.1
2019-12-23,1560.1,1577.55,1557.8,1571.4
2019-12-24,1568.9,1572.05,1542.5,1546.45
2019-12-26,1541.65,1552.95,1510.15,1515.4
2019-12-27,1527.0,1546.2,1521.3,1542.35
2019-12-30,1545.95,1547.65,1528.05,1544.2
2019-12-31,1542.0,1543.7,1508.05,1514.05
2020-01-01,1518.0,1527.1,1505.5,1509.6
2020-01-02,1512.0,1540.95,1512.0,1535.3
2020-01-03,1533.0,1541.65,1523.0,1537.15
2020-01-06,1520.0,1527.9,1498.0,1501.5
2020-01-07,1519.0,1534.5,1513.5,1524.6
2020-01-08,1515.0,1534.45,1510.0,1513.15
2020-01-09,1538.6,1550.0,1531.25,1548.0
2020-01-10,1551.9,1557.95,1539.65,1547.65
2020-01-13,1545.05,1558.7,1538.4,1543.7
2020-01-14,1540.0,1550.0,1521.85,1529.4
2020-01-15,1535.85,1539.9,1518.25,1523.85
2020-01-16,1529.0,1543.35,1528.0,1537.9
2020-01-17,1553.5,1584.95,1553.2,1581.0
2020-01-20,1609.0,1609.0,1526.4,1532.35
2020-01-21,1528.6,1545.85,1522.0,1533.9
2020-01-22,1544.0,1546.75,1531.1,1533.35
2020-01-23,1536.5,1541.95,1520.7,1526.85
2020-01-24,1527.0,1536.35,1518.55,1521.55
2020-01-27,1514.9,1524.45,1505.0,1506.55
2020-01-28,1508.6,1510.0,1463.6,1471.75
2020-01-29,1474.05,1494.4,1464.05,1479.85
2020-01-30,1479.0,1479.7,1440.0,1443.75
2020-01-31,1453.0,1453.25,1407.2,1411.65
2020-02-01,1405.3,1426.95,1371.1,1383.35
2020-02-03,1369.9,1399.95,1363.05,1385.5
2020-02-04,1400.0,1432.5,1397.8,1426.4
2020-02-05,1434.9,1452.8,1430.3,1448.5
2020-02-06,1454.1,1467.0,1440.1,1457.8
2020-02-07,1451.0,1452.35,1428.3,1433.65
2020-02-10,1428.0,1445.5,1410.45,1435.6
2020-02-11,1447.4,1466.2,1445.05,1452.75
2020-02-12,1456.15,1474.85,1455.0,1470.3
2020-02-13,1477.75,1477.75,1462.6,1474.15
2020-02-14,1477.25,1501.45,1453.1,1487.6
2020-02-17,1489.0,1506.15,1474.3,1478.25
2020-02-18,1475.9,1475.9,1457.4,1467.4
2020-02-19,1479.35,1506.45,1475.1,1503.8
2020-02-20,1497.0,1508.0,1483.8,1485.95
2020-02-24,1469.75,1477.0,1439.55,1444.95
2020-02-25,1451.4,1451.4,1410.0,1416.4
2020-02-26,1410.0,1412.35,1387.35,1392.0
2020-02-27,1388.0,1393.8,1369.0,1386.25
2020-02-28,1354.9,1357.0,1325.0,1328.65
2020-03-02,1355.1,1369.0,1301.1,1316.15
2020-03-03,1329.7,1353.9,1322.0,1342.85
2020-03-04,1352.0,1353.8,1307.9,1339.7
2020-03-05,1352.2,1357.95,1306.0,1311.15
2020-03-06,1270.0,1288.15,1241.1,1271.0
2020-03-09,1240.05,1241.0,1095.0,1114.15
2020-03-11,1108.0,1178.45,1108.0,1153.55
2020-03-12,1085.0,1101.0,1048.7,1063.0
2020-03-13,998.0,1140.0,942.4,1105.3
2020-03-16,1060.55,1079.7,1005.0,1015.7
2020-03-17,1047.25,1060.0,1003.2,1008.0
2020-03-18,1025.3,1035.9,961.0,968.5
2020-03-19,920.1,967.0,892.2,917.7
2020-03-20,939.5,1034.9,930.0,1017.95
2020-03-23,916.2,950.0,875.65,884.05
2020-03-24,930.0,970.0,895.8,943.4
2020-03-25,963.8,1151.55,963.25,1082.25
2020-03-26,1095.8,1116.9,1042.35,1066.2
2020-03-27,1095.0,1107.3,1046.2,1065.6
2020-03-30,1040.6,1074.8,1020.0,1030.45
2020-03-31,1073.95,1129.8,1048.0,1113.75
2020-04-01,1122.25,1124.6,1045.2,1080.45
2020-04-03,1134.45,1134.45,1056.3,1077.45
2020-04-07,1102.1,1214.0,1100.0,1206.1
2020-04-08,1180.0,1229.0,1160.0,1192.15
2020-04-09,1214.0,1232.8,1193.0,1219.95
2020-04-13,1203.95,1215.0,1180.0,1189.15
2020-04-15,1197.05,1236.0,1143.0,1149.85
2020-04-16,1149.85,1187.45,1145.0,1168.05
2020-04-17,1216.0,1230.0,1192.65,1224.0
2020-04-20,1226.0,1257.0,1202.0,1243.8
2020-04-21,1210.0,1252.0,1164.0,1237.35
2020-04-22,1320.0,1384.9,1300.0,1363.6
2020-04-23,1367.35,1385.85,1353.3,1370.9
2020-04-24,1350.15,1494.95,1347.2,1417.0
2020-04-27,1434.0,1475.0,1423.0,1429.75
2020-04-28,1450.0,1455.45,1392.15,1428.15
2020-04-29,1444.9,1453.65,1420.0,1426.95
2020-04-30,1453.95,1494.95,1438.05,1466.0
2020-05-04,1440.0,1465.0,1417.45,1435.2
2020-05-05,1453.7,1479.0,1447.2,1460.65
2020-05-06,1464.0,1484.95,1445.5,1460.75
2020-05-07,1455.0,1513.65,1445.0,1506.95
2020-05-08,1545.0,1579.9,1537.1,1561.8
2020-05-11,1580.0,1615.0,1572.3,1576.8
2020-05-12,1564.8,1568.35,1465.0,1479.25
2020-05-13,1527.0,1527.0,1454.0,1496.45
2020-05-14,1469.0,1496.7,1430.05,1435.95
2020-05-15,1444.0,1466.7,1415.1,1459.4
2020-05-18,1470.0,1482.0,1428.0,1440.75
2020-05-19,1457.0,1461.7,1403.25,1408.9
2020-05-20,1410.0,1446.85,1393.0,1433.7
2020-05-21,1435.0,1461.45,1425.0,1441.25
2020-05-22,1451.8,1458.0,1426.5,1431.55
2020-05-26,1448.15,1449.7,1416.3,1424.05
2020-05-27,1431.0,1454.0,1412.0,1445.55
2020-05-28,1455.0,1479.75,1449.0,1472.25
2020-05-29,1468.0,1472.0,1452.65,1464.4
2020-06-01,1480.0,1538.35,1475.95,1520.35
2020-06-02,1526.0,1540.0,1520.8,1535.7
2020-06-03,1545.0,1560.0,1533.35,1541.65
2020-06-04,1544.0,1589.5,1541.0,1579.8
2020-06-05,1595.0,1618.0,1573.7,1581.7
2020-06-08,1618.4,1618.4,1565.0,1569.5
2020-06-09,1560.3,1583.0,1533.0,1537.15
2020-06-10,1543.1,1579.55,1540.05,1572.15
2020-06-11,1566.0,1567.95,1531.0,1537.7
2020-06-12,1500.0,1593.0,1497.0,1588.8
2020-06-15,1565.0,1626.95,1561.1,1614.55
2020-06-16,1643.0,1648.55,1585.3,1617.7
2020-06-17,1608.25,1635.45,1602.1,1615.35
2020-06-18,1607.0,1665.0,1605.6,1655.9
2020-06-19,1670.0,1788.8,1662.0,1759.4
2020-06-22,1773.4,1804.2,1735.0,1746.15
2020-06-23,1750.0,1763.75,1716.1,1720.9
2020-06-24,1735.9,1772.7,1711.7,1727.85
2020-06-25,1727.0,1749.0,1713.05,1717.9
2020-06-26,1728.8,1752.0,1717.0,1741.65
2020-06-29,1728.05,1739.75,1715.55,1723.15
2020-06-30,1737.0,1741.0,1695.55,1704.1
2020-07-01,1720.0,1749.0,1708.05,1737.6
2020-07-02,1743.0,1767.6,1735.05,1760.35
2020-07-03,1779.8,1793.0,1768.0,1787.9
2020-07-06,1805.0,1858.0,1792.1,1851.8
2020-07-07,1860.0,1864.35,1806.3,1823.45
2020-07-08,1824.05,1834.95,1790.0,1798.0
2020-07-09,1809.0,1835.0,1786.25,1824.25
2020-07-10,1828.5,1884.6,1824.25,1878.05
2020-07-13,1903.35,1947.7,1900.0,1935.0
2020-07-14,1934.0,1941.7,1887.3,1917.0
2020-07-15,1937.95,1978.8,1798.0,1844.0
2020-07-16,1847.0,1869.0,1812.45,1843.4
2020-07-17,1845.0,1920.0,1838.0,1911.7
2020-07-20,1917.8,1932.0,1899.65,1919.9
2020-07-21,1939.0,1977.0,1936.5,1971.55
2020-07-22,1983.0,2010.0,1960.7,2004.0
2020-07-23,2003.95,2079.7,1991.35,2057.8
2020-07-24,2058.0,2163.0,2057.8,2146.15
2020-07-27,2178.8,2198.8,2127.9,2156.2
2020-07-28,2156.2,2194.0,2150.65,2177.7
2020-07-29,2177.9,2182.8,2070.45,2096.65
2020-07-30,2099.0,2139.7,2072.0,2108.85
2020-07-31,2114.5,2129.0,2052.8,2067.1
2020-08-03,2051.3,2057.0,2003.1,2009.0
2020-08-04,2020.6,2167.0,2000.25,2150.6
2020-08-05,2169.0,2196.0,2118.3,2126.45
2020-08-06,2157.0,2167.7,2107.8,2134.1
2020-08-07,2129.8,2157.8,2120.2,2146.45
2020-08-10,2159.1,2165.0,2108.1,2119.85
2020-08-11,2134.8,2160.0,2100.35,2133.8
2020-08-12,2121.0,2145.0,2106.8,2127.6
2020-08-13,2128.0,2138.9,2110.0,2122.05
2020-08-14,2122.55,2157.0,2089.25,2113.8
2020-08-17,2105.0,2105.0,2070.1,2091.35
2020-08-18,2085.0,2134.3,2082.35,2118.55
2020-08-19,2141.0,2154.0,2121.35,2131.55
2020-08-20,2120.0,2123.9,2088.0,2097.05
2020-08-21,2118.0,2122.0,2077.0,2081.85
2020-08-24,2091.4,2104.5,2070.5,2095.75
2020-08-25,2106.0,2111.3,2078.0,2082.1
2020-08-26,2085.0,2147.95,2047.0,2137.3
2020-08-27,2148.0,2150.0,2103.25,2110.6
2020-08-28,2120.0,2132.9,2106.25,2116.15
2020-08-31,2174.0,2174.0,2060.35,2080.7
2020-09-01,2100.0,2122.4,2062.4,2087.25
2020-09-02,2092.0,2138.0,2085.0,2128.2
2020-09-03,2128.0,2138.75,2103.0,2112.1
2020-09-04,2083.55,2096.95,2072.2,2077.25
2020-09-07,2084.0,2105.75,2044.25,2082.65
2020-09-08,2092.0,2121.0,2080.5,2107.1
2020-09-09,2085.0,2167.8,2081.45,2161.35
2020-09-10,2183.1,2344.95,2175.35,2314.0
2020-09-11,2312.0,2337.85,2287.1,2319.75
2020-09-14,2325.0,2360.0,2282.0,2302.55
2020-09-15,2311.95,2325.75,2288.15,2318.85
2020-09-16,2320.0,2369.35,2310.55,2324.55
2020-09-17,2320.0,2333.7,2291.85,2298.75
2020-09-18,2314.25,2319.45,2276.55,2305.7
2020-09-21,2300.0,2336.0,2247.35,2255.85
2020-09-22,2277.0,2277.0,2201.55,2211.15
2020-09-23,2260.0,2276.75,2205.3,2230.8
2020-09-24,2207.9,2226.0,2176.05,2181.2
2020-09-25,2189.0,2212.8,2167.3,2201.7
2020-09-28,2227.0,2238.0,2207.05,2216.25
2020-09-29,2225.0,2264.0,2216.25,2245.05
2020-09-30,2260.0,2267.0,2225.0,2234.35
2020-10-01,2263.8,2263.8,2214.0,2225.25
2020-10-05,2244.0,2249.15,2206.0,2212.2
2020-10-06,2225.25,2233.9,2201.65,2210.35
2020-10-07,2235.0,2309.0,2220.0,2257.5
2020-10-08,2259.0,2268.0,2222.1,2239.25
2020-10-09,2235.0,2253.0,2217.1,2233.45
2020-10-12,2235.0,2255.75,2226.25,2237.05
2020-10-13,2230.6,2285.75,2225.85,2280.7
2020-10-14,2278.9,2304.0,2268.5,2287.5
2020-10-15,2290.0,2290.0,2195.0,2206.5
2020-10-16,2215.0,2232.5,2172.65,2175.8
2020-10-19,2190.05,2228.7,2155.15,2176.2
2020-10-20,2179.0,2193.0,2152.25,2155.9
2020-10-21,2168.0,2192.0,2097.75,2124.6
2020-10-22,2127.4,2132.5,2091.0,2106.95
2020-10-23,2106.0,2135.0,2096.4,2113.05
2020-10-26,2101.95,2101.95,2018.5,2029.1
2020-10-27,2034.9,2059.85,2005.0,2034.5
2020-10-28,2041.8,2057.7,2007.4,2011.45
2020-10-29,1997.0,2042.0,1991.0,2026.9
2020-10-30,2033.5,2065.1,2021.8,2054.5
2020-11-02,2027.0,2027.0,1859.15,1877.45
2020-11-03,1890.0,1909.0,1835.1,1850.4
2020-11-04,1837.0,1929.0,1837.0,1913.2
2020-11-05,1954.95,1960.95,1932.0,1955.0
2020-11-06,1990.0,2040.0,1978.15,2029.15
2020-11-09,2062.1,2069.0,2036.0,2050.7
2020-11-10,2077.0,2090.0,2041.2,2084.55
2020-11-11,2089.0,2095.0,1978.1,1997.2
2020-11-12,1981.0,2008.45,1965.0,1980.0
2020-11-13,1982.0,2036.65,1981.75,1996.4
2020-11-14,2014.9,2015.3,1995.35,2002.3
2020-11-17,2085.0,2085.0,1985.0,1993.25
2020-11-18,1993.25,2006.5,1960.1,1987.2
2020-11-19,1987.2,2010.45,1968.2,1973.15
2020-11-20,1975.0,1983.8,1895.0,1899.5
2020-11-23,1951.0,1970.0,1926.25,1950.7
2020-11-24,1964.0,1974.0,1932.0,1964.05
2020-11-25,1980.0,1992.95,1942.2,1947.8
2020-11-26,1953.05,1965.0,1930.05,1952.6
2020-11-27,1940.5,1956.1,1921.4,1929.8
2020-12-01,1940.35,1966.25,1930.05,1954.9
2020-12-02,1958.5,1962.0,1935.0,1958.15
2020-12-03,1972.0,1981.1,1958.65,1964.05
2020-12-04,1969.0,1969.0,1940.0,1946.75
2020-12-07,1940.6,1965.0,1940.6,1958.2
2020-12-08,1961.15,2014.25,1950.0,1993.75
2020-12-09,2009.95,2033.8,1999.25,2026.95
2020-12-10,2021.6,2028.5,2001.0,2007.0
2020-12-11,2013.0,2038.0,1974.25,2005.8
2020-12-14,2007.95,2015.0,1986.35,1991.3
2020-12-15,1989.7,1989.7,1961.1,1974.35
2020-12-16,1988.0,1994.95,1965.7,1976.55
2020-12-17,1984.5,2005.0,1977.15,1985.6
2020-12-18,1980.1,2004.9,1965.0,1991.55
2020-12-21,2010.0,2022.0,1855.25,1939.7
2020-12-22,1949.0,1958.9,1888.45,1936.7
2020-12-23,1930.0,1951.45,1920.65,1943.85
2020-12-24,1947.0,1998.8,1945.9,1994.15
2020-12-28,2006.7,2018.0,1995.3,2003.3
2020-12-29,2009.0,2012.3,1982.55,1990.05
2020-12-30,1995.25,2007.2,1975.55,1995.5
2020-12-31,1993.5,2011.9,1978.6,1985.3
2021-01-01,1988.0,1997.0,1982.0,1987.5
2021-01-04,1995.1,1998.9,1968.0,1990.85
2021-01-05,1969.0,1983.6,1956.0,1966.1
2021-01-06,1965.9,1966.0,1905.15,1914.25
2021-01-07,1920.5,1945.0,1905.15,1911.15
2021-01-08,1918.0,1938.4,1912.1,1933.7
2021-01-11,1938.8,1938.8,1892.5,1897.25
2021-01-12,1903.0,1960.0,1899.9,1957.05
2021-01-13,1963.55,1974.95,1918.45,1938.8
2021-01-14,1945.0,1966.9,1939.05,1960.6
2021-01-15,1960.6,1973.8,1920.05,1937.45
2021-01-18,1949.1,1997.0,1923.35,1983.95
2021-01-19,1994.65,2031.0,1994.65,2016.4
2021-01-20,2021.4,2058.0,2001.4,2054.7
2021-01-21,2082.0,2120.0,2075.0,2099.4
2021-01-22,2111.0,2115.35,2035.15,2049.6
2021-01-25,2034.95,2034.95,1932.0,1941.0
2021-01-27,1925.0,1925.0,1888.0,1895.0
2021-01-28,1880.15,1923.3,1870.0,1876.55
2021-01-29,1894.3,1913.1,1830.0,1841.95
2021-02-01,1859.4,1905.0,1848.0,1895.3
2021-02-02,1914.25,1940.0,1854.95,1925.8
2021-02-03,1928.3,1952.0,1900.0,1930.65
2021-02-04,1924.0,1940.0,1905.0,1924.3
2021-02-05,1930.05,1944.65,1920.0,1923.75
2021-02-08,1933.05,1969.0,1929.05,1951.45
2021-02-09,1961.95,1989.6,1952.3,1956.15
2021-02-10,1953.75,1984.75,1927.3,1974.3
2021-02-11,1980.0,2064.2,1972.25,2055.7
2021-02-12,2055.5,2078.0,2015.4,2041.6
2021-02-15,2048.05,2061.3,2025.0,2032.6
2021-02-16,2039.75,2079.4,2035.0,2059.5
2021-02-17,2060.0,2095.95,2050.6,2083.25
2021-02-18,2085.0,2108.4,2059.1,2067.7
2021-02-19,2057.0,2104.95,2053.3,2080.3
2021-02-22,2080.0,2089.9,1994.95,2008.1
2021-02-23,2048.0,2052.9,2013.6,2023.45
2021-02-24,2030.0,2065.25,2026.15,2061.0
2021-02-25,2076.0,2152.0,2073.0,2144.35
2021-02-26,2117.0,2133.9,2070.7,2085.8
2021-03-01,2110.2,2112.0,2062.5,2101.7
2021-03-02,2122.0,2130.0,2089.1,2106.0
2021-03-03,2121.05,2219.9,2107.2,2202.1
2021-03-04,2180.0,2189.95,2157.7,2175.85
2021-03-05,2156.0,2211.95,2153.05,2178.7
2021-03-08,2168.5,2231.9,2168.0,2191.1
2021-03-09,2200.0,2213.8,2146.6,2191.05
2021-03-10,2207.0,2215.1,2170.25,2181.95
2021-03-12,2195.0,2206.4,2123.9,2137.6
2021-03-15,2140.05,2148.9,2080.5,2108.9
2021-03-16,2114.0,2126.0,2095.5,2100.6
2021-03-17,2098.05,2103.0,2035.1,2055.35
2021-03-18,2072.9,2084.8,2001.0,2009.1
2021-03-19,1991.0,2095.85,1982.8,2082.0
2021-03-22,2071.0,2074.0,2033.2,2062.4
2021-03-23,2061.95,2109.7,2056.0,2087.5
2021-03-24,2079.75,2079.75,2040.4,2047.3
2021-03-25,2054.0,2054.0,1985.0,1991.45
2021-03-26,2012.0,2013.7,1973.7,1994.65
2021-03-30,2008.0,2048.9,1991.55,2029.3
2021-03-31,2018.0,2049.9,1999.0,2003.1
2021-04-01,2018.0,2030.0,2003.15,2021.85
2021-04-05,2024.95,2025.0,1962.1,1992.6
2021-04-06,2004.0,2004.95,1969.0,1984.3
2021-04-07,2000.0,2046.9,1993.3,2002.85
2021-04-08,2011.0,2022.0,1993.0,2005.35
2021-04-09,1998.45,2006.35,1980.0,1982.05
2021-04-12,1959.0,1961.4,1900.25,1911.15
2021-04-13,1924.0,1940.6,1917.85,1931.8
2021-04-15,1926.3,1961.0,1913.0,1944.3
2021-04-16,1936.6,1949.9,1926.45,1932.1
2021-04-19,1904.0,1916.4,1890.0,1901.7
2021-04-20,1910.5,1919.0,1890.45,1901.15
2021-04-22,1892.25,1914.45,1876.7,1906.4
2021-04-23,1906.0,1918.9,1895.35,1904.35
2021-04-26,1920.0,1962.0,1911.5,1937.85
2021-04-27,1940.0,1997.2,1938.25,1988.65
2021-04-28,1997.85,2008.0,1980.15,1997.3
2021-04-29,2022.9,2044.5,2007.3,2024.05
2021-04-30,2008.5,2036.0,1987.55,1994.5
2021-05-03,1966.0,1979.0,1943.1,1959.05
2021-05-04,1950.0,1967.8,1911.0,1916.6
2021-05-05,1923.35,1938.5,1908.05,1920.1
2021-05-06,1921.85,1935.0,1906.6,1931.0
2021-05-07,1937.75,1955.65,1926.0,1931.75
2021-05-10,1939.0,1946.8,1920.95,1926.2
2021-05-11,1915.0,1938.55,1910.0,1933.15
2021-05-12,1930.1,1932.9,1907.0,1913.15
2021-05-14,1928.05,1942.0,1906.0,1937.3
2021-05-17,1937.3,1963.45,1930.4,1960.35
2021-05-18,1981.0,2002.6,1972.5,1987.95
2021-05-19,1980.0,2016.45,1972.0,1997.05
2021-05-20,1997.9,2010.9,1981.0,1985.4
2021-05-21,1992.0,2009.6,1986.0,2002.55
2021-05-24,2008.0,2009.8,1982.0,1985.65
2021-05-25,1996.4,1997.0,1960.0,1963.15
2021-05-26,1975.0,1979.5,1965.3,1970.05
2021-05-27,1970.3,1993.0,1962.25,1976.1
2021-05-28,1990.0,2105.0,1990.0,2094.8
2021-05-31,2102.0,2191.7,2085.05,2160.3
2021-06-01,2166.0,2202.0,2146.5,2168.9
2021-06-02,2157.0,2209.5,2157.0,2201.25
2021-06-03,2221.0,2250.0,2196.1,2209.65
2021-06-04,2214.8,2216.45,2184.25,2190.5
2021-06-07,2202.0,2242.0,2185.0,2227.4
2021-06-08,2226.6,2227.15,2198.15,2214.6
2021-06-09,2219.0,2221.0,2157.95,2175.0
2021-06-10,2193.4,2230.0,2177.55,2183.0
2021-06-11,2182.9,2228.0,2180.1,2213.15
2021-06-14,2215.0,2258.25,2195.05,2244.9
2021-06-15,2261.0,2274.9,2240.3,2250.0
2021-06-16,2244.9,2247.05,2205.85,2211.6
2021-06-17,2200.0,2235.0,2179.9,2215.65
2021-06-18,2225.5,2235.0,2184.35,2225.65
2021-06-21,2203.5,2247.5,2200.15,2237.25
2021-06-22,2254.0,2261.0,2219.35,2225.75
2021-06-23,2250.0,2250.6,2201.7,2205.35
2021-06-24,2206.85,2214.6,2140.0,2153.5
2021-06-25,2153.5,2153.5,2081.1,2104.45
2021-06-28,2122.0,2126.5,2081.0,2086.0
2021-06-29,2089.5,2109.0,2084.1,2087.8
2021-06-30,2096.25,2122.65,2091.05,2110.65
2021-07-01,2118.0,2123.15,2095.0,2097.95
2021-07-02,2097.0,2132.9,2092.95,2129.05
2021-07-05,2136.45,2153.55,2131.5,2150.2
2021-07-06,2144.95,2148.9,2120.2,2124.8
2021-07-07,2127.75,2127.75,2098.0,2110.05
2021-07-08,2116.95,2116.95,2081.0,2092.6
2021-07-09,2088.0,2091.7,2066.1,2071.2
2021-07-12,2079.75,2101.5,2074.5,2084.1
2021-07-13,2100.0,2103.05,2088.05,2099.7
2021-07-14,2100.35,2106.85,2081.25,2086.0
2021-07-15,2095.0,2095.0,2078.5,2082.35
2021-07-16,2087.75,2114.75,2087.6,2112.4
2021-07-19,2100.0,2124.0,2092.25,2098.95
2021-07-20,2099.5,2108.0,2084.0,2093.8
2021-07-22,2119.0,2123.9,2098.15,2120.7
2021-07-23,2134.45,2134.45,2102.05,2105.7
2021-07-26,2108.0,2121.0,2071.1,2076.85
2021-07-27,2076.8,2083.7,2042.0,2055.0
2021-07-28,2058.0,2058.0,2016.25,2037.35
2021-07-29,2054.0,2074.4,2043.4,2053.25
2021-07-30,2058.0,2067.95,2031.1,2035.3
2021-08-02,2054.3,2079.4,2041.15,2072.5
2021-08-03,2090.0,2091.0,2064.2,2087.75
2021-08-04,2094.4,2114.0,2087.0,2103.75
2021-08-05,2114.3,2154.8,2104.25,2134.25
2021-08-06,2129.95,2146.95,2078.75,2089.05
2021-08-09,2081.0,2089.8,2066.5,2077.15
2021-08-10,2082.0,2113.0,2073.75,2088.05
2021-08-11,2096.95,2120.0,2083.4,2117.3
2021-08-12,2124.9,2126.2,2105.0,2110.5
2021-08-13,2117.3,2149.9,2108.95,2145.65
2021-08-16,2149.35,2203.0,2128.15,2173.5
2021-08-17,2168.85,2185.2,2147.85,2164.25
2021-08-18,2174.0,2186.8,2152.6,2172.65
2021-08-20,2143.0,2172.0,2137.0,2148.25
2021-08-23,2174.0,2174.0,2132.3,2162.35
2021-08-24,2165.05,2192.0,2155.6,2183.7
2021-08-25,2185.4,2220.0,2180.1,2202.6
2021-08-26,2208.0,2244.9,2205.0,2230.45
2021-08-27,2237.0,2242.75,2216.05,2227.4
2021-08-30,2250.0,2275.85,2236.8,2270.25
2021-08-31,2276.9,2283.75,2242.25,2258.15
2021-09-01,2273.0,2292.9,2263.0,2267.1
2021-09-02,2255.0,2307.8,2255.0,2294.4
2021-09-03,2310.0,2395.0,2302.5,2388.5
2021-09-06,2413.0,2480.0,2412.0,2425.6
2021-09-07,2430.0,2458.0,2412.0,2440.9
2021-09-08,2452.0,2454.0,2406.65,2431.35
2021-09-09,2427.9,2437.85,2416.1,2425.6
2021-09-13,2433.0,2433.0,2368.05,2371.55
2021-09-14,2375.0,2394.0,2366.0,2368.45
2021-09-15,2368.5,2395.75,2368.5,2378.3
2021-09-16,2381.55,2436.75,2367.0,2428.2
2021-09-17,2446.0,2455.85,2375.6,2390.55
2021-09-20,2372.1,2418.35,2370.0,2394.35
2021-09-21,2405.0,2416.6,2384.0,2404.7
2021-09-22,2408.0,2442.0,2398.25,2430.5
2021-09-23,2447.4,2497.0,2445.5,2489.9
2021-09-24,2503.55,2505.45,2472.0,2482.7
2021-09-27,2487.0,2529.9,2475.3,2524.45
2021-09-28,2534.0,2564.9,2512.8,2548.05
2021-09-29,2570.0,2570.0,2520.05,2527.85
2021-09-30,2525.0,2534.6,2500.35,2519.25
2021-10-01,2501.95,2539.8,2495.0,2523.7
2021-10-04,2553.0,2574.85,2537.05,2556.15
2021-10-05,2555.1,2612.0,2547.35,2609.2
2021-10-06,2619.95,2619.95,2551.1,2559.85
2021-10-07,2595.0,2598.75,2567.7,2572.4
2021-10-08,2585.25,2684.4,2581.5,2671.25
2021-10-11,2701.4,2720.0,2645.35,2652.65
2021-10-12,2645.0,2683.0,2641.25,2667.8
2021-10-13,2679.0,2719.5,2669.3,2694.95
2021-10-14,2700.35,2717.45,2687.2,2700.4
2021-10-18,2668.6,2745.0,2662.3,2707.6
2021-10-19,2723.8,2751.35,2708.0,2731.85
2021-10-20,2742.75,2742.75,2691.5,2700.4
2021-10-21,2727.4,2728.0,2603.2,2622.5
2021-10-22,2620.0,2664.9,2611.5,2627.4
2021-10-25,2680.0,2680.0,2570.0,2601.8
2021-10-26,2617.1,2668.9,2603.15,2661.05
2021-10-27,2652.0,2676.8,2619.95,2627.4
2021-10-28,2620.0,2637.95,2590.5,2598.6
2021-10-29,2596.15,2596.15,2501.7,2536.25
2021-11-01,2536.25,2556.0,2494.1,2537.8
2021-11-02,2545.0,2548.0,2495.25,2500.8
2021-11-03,2506.05,2520.0,2461.0,2483.6
2021-11-04,2492.95,2504.9,2490.0,2498.85
2021-11-08,2519.4,2520.0,2456.4,2501.95
2021-11-09,2505.0,2528.9,2487.05,2521.7
2021-11-10,2516.7,2558.0,2503.65,2549.9
2021-11-11,2540.05,2570.5,2535.55,2554.55
2021-11-12,2562.9,2598.75,2557.0,2593.1
2021-11-15,2600.0,2602.2,2570.0,2577.8
2021-11-16,2572.05,2575.0,2495.0,2517.9
2021-11-17,2498.95,2498.95,2461.0,2464.0
2021-11-18,2460.0,2489.0,2450.05,2473.3
2021-11-22,2436.1,2449.0,2351.0,2363.75
2021-11-23,2333.05,2401.25,2309.0,2385.85
2021-11-24,2380.0,2409.9,2343.55,2351.4
2021-11-25,2373.0,2502.0,2357.15,2492.95
2021-11-26,2467.8,2477.6,2401.5,2412.6
2021-11-29,2439.1,2500.0,2399.1,2441.5
2021-11-30,2468.0,2475.9,2388.85,2405.4
2021-12-01,2433.0,2474.0,2425.1,2467.0
2021-12-02,2469.7,2496.2,2461.6,2482.85
2021-12-03,2498.4,2498.5,2400.0,2408.25
2021-12-06,2416.0,2425.0,2357.15,2362.6
2021-12-07,2376.15,2404.0,2360.0,2381.85
2021-12-08,2424.1,2431.8,2406.3,2418.1
2021-12-09,2435.0,2474.9,2425.0,2456.45
2021-12-10,2440.25,2466.0,2430.35,2458.95
2021-12-13,2473.5,2474.1,2404.0,2409.65
2021-12-14,2380.0,2406.0,2373.4,2380.15
2021-12-15,2384.0,2405.0,2361.1,2373.2
2021-12-16,2405.7,2415.5,2368.65,2403.9
2021-12-17,2398.05,2408.0,2320.0,2340.45
2021-12-20,2317.85,2317.85,2247.1,2277.35
2021-12-21,2311.35,2346.0,2292.2,2311.25
2021-12-22,2324.9,2371.9,2322.0,2366.1
2021-12-23,2374.0,2380.0,2358.05,2365.25
2021-12-24,2370.0,2392.0,2337.55,2372.8
2021-12-27,2361.55,2378.0,2348.1,2370.25
2021-12-28,2375.6,2404.85,2373.05,2398.4
2021-12-29,2391.0,2419.0,2382.1,2402.5
2021-12-30,2400.0,2404.95,2345.6,2359.1
2021-12-31,2373.0,2383.9,2360.0,2368.15
2022-01-03,2365.0,2407.95,2363.55,2403.85
2022-01-04,2415.9,2461.0,2404.0,2458.1
2022-01-05,2462.0,2477.0,2432.95,2469.6
2022-01-06,2451.2,2454.0,2409.0,2416.5
2022-01-07,2430.95,2458.05,2411.55,2436.0
2022-01-10,2452.0,2457.0,2416.05,2438.0
2022-01-11,2436.0,2474.95,2435.0,2455.55
2022-01-12,2471.3,2524.95,2465.0,2521.1
2022-01-13,2521.25,2541.0,2508.4,2535.3
2022-01-14,2535.0,2567.3,2525.85,2539.0
2022-01-17,2538.0,2565.0,2537.0,2552.25
2022-01-18,2554.75,2562.35,2515.75,2521.8
2022-01-19,2530.0,2542.0,2509.0,2521.6
2022-01-20,2500.05,2509.95,2455.0,2477.45
2022-01-21,2452.0,2502.25,2452.0,2477.85
2022-01-24,2475.0,2504.75,2355.1,2377.9
2022-01-25,2349.55,2388.65,2305.0,2373.25
2022-01-27,2336.0,2356.1,2311.05,2338.1
2022-01-28,2365.0,2375.9,2328.4,2335.85
2022-01-31,2360.2,2406.4,2356.2,2386.6
2022-02-01,2408.0,2420.6,2347.1,2378.7
2022-02-02,2407.0,2407.0,2375.1,2383.55
2022-02-03,2392.0,2401.45,2347.2,2352.75
2022-02-04,2341.0,2348.45,2321.1,2331.3
2022-02-07,2342.0,2356.8,2305.0,2317.1
2022-02-08,2330.65,2360.0,2310.0,2356.05
2022-02-09,2371.15,2387.2,2358.0,2383.5
2022-02-10,2395.7,2395.7,2365.1,2381.05
2022-02-11,2373.25,2384.5,2344.1,2376.4
2022-02-14,2340.25,2354.95,2313.0,2338.55
2022-02-15,2351.2,2423.9,2335.7,2417.95
2022-02-16,2430.0,2433.0,2395.95,2412.95
2022-02-17,2420.1,2454.9,2410.0,2443.5
2022-02-18,2444.4,2456.4,2420.15,2424.4
2022-02-21,2412.0,2437.5,2384.6,2399.9
2022-02-22,2352.9,2395.9,2347.15,2389.0
2022-02-23,2401.1,2406.55,2368.0,2374.05
2022-02-24,2305.0,2339.9,2243.4,2255.75
2022-02-25,2280.1,2307.95,2276.25,2283.95
2022-02-28,2243.0,2367.35,2243.0,2359.55
2022-03-02,2334.45,2401.0,2329.2,2398.55
2022-03-03,2400.0,2414.85,2370.05,2378.3
2022-03-04,2353.0,2364.3,2320.35,2325.55
2022-03-07,2278.7,2312.1,2222.0,2239.55
2022-03-08,2211.5,2246.0,2180.0,2235.5
2022-03-09,2236.0,2367.0,2234.15,2354.1
2022-03-10,2400.0,2405.0,2360.0,2392.25
2022-03-11,2376.05,2411.0,2376.05,2399.15
2022-03-14,2386.9,2424.4,2374.0,2418.85
2022-03-15,2427.95,2427.95,2340.85,2363.45
2022-03-16,2382.0,2407.9,2377.1,2403.35
2022-03-17,2432.75,2497.4,2415.1,2481.7
2022-03-21,2444.0,2484.0,2439.0,2467.4
2022-03-22,2460.1,2534.95,2453.6,2531.15
2022-03-23,2523.0,2564.85,2523.0,2539.2
2022-03-24,2510.0,2584.15,2510.0,2578.65
2022-03-25,2582.5,2616.0,2577.0,2595.85
2022-03-28,2610.0,2629.75,2586.5,2621.95
2022-03-29,2638.0,2638.0,2607.4,2622.55
2022-03-30,2639.9,2688.0,2617.1,2672.95
2022-03-31,2664.95,2669.7,2628.6,2634.75
2022-04-01,2636.0,2665.15,2622.0,2655.85
2022-04-04,2655.45,2675.0,2641.65,2663.7
2022-04-05,2651.1,2669.9,2620.7,2626.05
2022-04-06,2587.1,2634.5,2587.1,2619.05
2022-04-07,2595.1,2606.0,2567.0,2572.85
2022-04-08,2560.0,2625.0,2560.0,2615.65
2022-04-11,2600.0,2638.55,2583.0,2610.2
2022-04-12,2587.0,2602.6,2555.4,2561.05
2022-04-13,2574.5,2592.6,2545.5,2551.65
2022-04-18,2533.0,2559.8,2521.8,2543.85
2022-04-19,2558.0,2668.0,2551.05,2640.8
2022-04-20,2657.1,2734.0,2649.1,2718.45
2022-04-21,2750.9,2789.0,2732.0,2782.1
2022-04-22,2758.9,2802.0,2744.2,2758.8
2022-04-25,2742.4,2758.4,2663.65,2695.0
2022-04-26,2710.0,2795.0,2707.7,2775.65
2022-04-27,2755.85,2828.0,2755.05,2778.35
2022-04-28,2809.95,2851.0,2786.1,2819.85
2022-04-29,2856.15,2856.15,2777.3,2790.25
2022-05-02,2762.0,2805.5,2758.05,2780.45
2022-05-04,2785.0,2790.0,2676.3,2693.65
2022-05-05,2723.5,2730.0,2632.0,2640.9
2022-05-06,2612.2,2659.0,2593.55,2620.65
2022-05-09,2574.95,2597.1,2507.0,2518.3
2022-05-10,2495.0,2526.6,2458.0,2474.65
2022-05-11,2472.65,2484.95,2421.95,2449.3
2022-05-12,2427.5,2434.85,2370.0,2399.4
2022-05-13,2426.0,2478.0,2415.35,2426.6
2022-05-16,2434.45,2481.0,2416.65,2427.2
2022-05-17,2435.1,2539.9,2432.0,2529.15
2022-05-18,2539.65,2570.0,2508.25,2538.35
2022-05-19,2484.0,2512.5,2466.05,2479.85
2022-05-20,2512.5,2644.4,2502.0,2624.45
2022-05-23,2631.5,2653.55,2593.0,2606.9
2022-05-24,2607.0,2638.0,2597.7,2615.85
2022-05-25,2635.0,2656.7,2601.5,2612.0
2022-05-26,2624.4,2634.9,2548.0,2587.1
2022-05-27,2593.05,2605.15,2540.1,2575.1
2022-05-30,2615.0,2674.0,2594.2,2664.8
2022-05-31,2641.4,2678.8,2615.7,2632.65
2022-06-01,2634.3,2655.2,2616.2,2633.5
2022-06-02,2634.0,2732.45,2634.0,2724.3
2022-06-03,2744.0,2817.35,2742.0,2779.5
2022-06-06,2780.0,2814.0,2751.8,2767.55
2022-06-07,2769.9,2791.1,2752.05,2772.75
2022-06-08,2772.75,2781.0,2716.3,2724.05
2022-06-09,2710.0,2803.0,2710.0,2798.75
2022-06-10,2771.9,2789.9,2701.5,2714.25
2022-06-13,2650.0,2672.8,2616.3,2662.9
2022-06-14,2650.05,2671.85,2613.45,2628.1
2022-06-15,2617.55,2637.3,2584.4,2596.3
2022-06-16,2623.0,2659.05,2554.0,2560.0
2022-06-17,2560.0,2624.85,2556.1,2590.0
2022-06-20,2605.0,2617.1,2521.1,2543.05
2022-06-21,2560.0,2593.4,2528.3,2584.1
2022-06-22,2558.1,2558.3,2501.0,2505.6
2022-06-23,2515.05,2525.0,2445.0,2464.95
2022-06-24,2480.0,2511.0,2468.0,2500.05
2022-06-27,2544.95,2544.95,2481.55,2492.65
2022-06-28,2482.1,2533.95,2482.1,2527.7
2022-06-29,2507.2,2597.0,2501.0,2580.15
2022-06-30,2580.0,2615.9,2566.0,2595.65
2022-07-01,2574.9,2592.0,2365.0,2408.7
2022-07-04,2378.95,2442.0,2366.1,2413.7
2022-07-05,2423.0,2464.9,2417.1,2433.25
2022-07-06,2420.1,2441.95,2388.0,2411.85
2022-07-07,2425.9,2433.25,2375.0,2388.1
2022-07-08,2418.0,2418.0,2382.55,2391.4
2022-07-11,2376.5,2428.8,2370.0,2423.9
2022-07-12,2404.0,2439.7,2404.0,2420.45
2022-07-13,2427.3,2434.0,2373.0,2377.55
2022-07-14,2388.0,2433.95,2376.95,2397.15
2022-07-15,2415.0,2415.0,2383.1,2401.8
2022-07-18,2421.0,2425.0,2392.3,2422.25
2022-07-19,2400.3,2447.0,2400.3,2437.1
2022-07-20,2540.0,2542.5,2486.25,2503.0
2022-07-21,2494.0,2500.0,2467.3,2486.3
2022-07-22,2500.0,2516.3,2495.0,2503.1
2022-07-25,2467.45,2467.45,2403.0,2420.4
2022-07-26,2421.1,2443.9,2411.35,2421.5
2022-07-27,2419.95,2427.0,2402.0,2419.2
2022-07-28,2436.0,2467.95,2421.0,2457.1
2022-07-29,2474.7,2517.1,2464.0,2509.45
2022-08-01,2519.15,2587.75,2507.6,2574.85
2022-08-02,2572.5,2607.8,2561.55,2584.65
2022-08-03,2600.0,2610.0,2567.45,2606.35
2022-08-04,2610.0,2617.75,2535.0,2571.9
2022-08-05,2576.0,2578.8,2526.95,2534.0
2022-08-08,2531.0,2583.55,2531.0,2567.15
2022-08-10,2576.9,2589.9,2557.05,2582.5
2022-08-11,2603.1,2609.9,2580.2,2591.1
2022-08-12,2590.3,2641.35,2582.2,2633.0
2022-08-16,2646.2,2657.3,2627.3,2651.3
2022-08-17,2665.0,2676.9,2655.55,2665.15
2022-08-18,2660.0,2669.0,2640.2,2661.3
2022-08-19,2650.0,2661.7,2604.95,2613.85
2022-08-22,2617.0,2631.3,2586.0,2606.6
2022-08-23,2594.0,2653.2,2591.35,2646.8
2022-08-24,2640.1,2670.0,2635.35,2639.75
2022-08-25,2648.95,2662.9,2622.6,2632.05
2022-08-26,2633.0,2650.0,2607.0,2618.0
2022-08-29,2585.0,2655.0,2578.05,2597.65
2022-08-30,2614.0,2645.25,2576.6,2637.95
2022-09-01,2582.65,2604.95,2550.7,2560.4
2022-09-02,2560.4,2575.35,2525.7,2530.5
2022-09-05,2531.0,2581.5,2531.0,2569.8
2022-09-06,2573.0,2606.0,2572.0,2596.85
2022-09-07,2575.0,2594.9,2570.0,2581.75
2022-09-08,2588.25,2598.0,2571.0,2585.4
2022-09-09,2610.0,2610.0,2564.0,2569.3
2022-09-12,2570.55,2612.0,2570.55,2598.05
2022-09-13,2618.0,2629.7,2601.0,2619.75
2022-09-14,2575.0,2610.0,2572.75,2588.35
2022-09-15,2583.0,2603.55,2556.75,2562.7
2022-09-16,2543.75,2553.0,2491.0,2499.2
2022-09-19,2499.2,2522.7,2481.35,2502.45
2022-09-20,2522.45,2537.7,2494.7,2502.85
2022-09-21,2496.75,2533.0,2495.0,2509.75
2022-09-22,2486.0,2503.0,2472.1,2486.1
2022-09-23,2485.0,2495.95,2436.1,2439.5
2022-09-26,2394.05,2417.8,2375.15,2377.35
2022-09-27,2394.0,2426.0,2360.1,2396.25
2022-09-28,2360.35,2378.0,2327.1,2332.45
2022-09-29,2360.0,2367.5,2313.0,2325.3
2022-09-30,2311.0,2402.0,2311.0,2377.75
2022-10-03,2391.5,2416.95,2363.0,2369.5
2022-10-04,2397.8,2418.0,2390.15,2413.2
2022-10-06,2429.0,2450.0,2418.15,2422.1
2022-10-07,2414.65,2443.9,2414.65,2432.35
2022-10-10,2405.0,2417.6,2388.0,2405.8
2022-10-11,2414.0,2414.0,2351.1,2357.9
2022-10-12,2352.0,2381.7,2343.1,2375.25
2022-10-13,2371.4,2394.0,2360.1,2382.8
2022-10-14,2415.0,2416.35,2369.1,2370.7
2022-10-17,2355.0,2414.0,2343.6,2408.75
2022-10-18,2422.0,2463.0,2420.15,2451.25
2022-10-19,2454.5,2527.85,2441.7,2493.9
2022-10-20,2485.0,2519.0,2485.0,2500.6
2022-10-21,2507.7,2516.8,2467.0,2471.6
2022-10-24,2460.0,2502.5,2455.3,2479.85
2022-10-25,2499.0,2499.0,2438.0,2441.55
2022-10-27,2458.0,2468.45,2432.8,2451.15
2022-10-28,2465.0,2535.0,2459.45,2526.15
2022-10-31,2541.0,2560.95,2532.2,2549.6
2022-11-01,2600.0,2600.0,2508.0,2529.85
2022-11-02,2532.3,2550.2,2515.0,2545.65
2022-11-03,2529.85,2559.55,2525.05,2555.15
2022-11-04,2553.9,2600.0,2551.1,2592.75
2022-11-07,2591.0,2610.3,2574.0,2606.6
2022-11-09,2610.3,2621.95,2590.05,2604.0
2022-11-10,2590.0,2596.55,2563.0,2572.5
2022-11-11,2600.0,2636.0,2588.0,2631.8
2022-11-14,2630.75,2642.0,2605.15,2619.05
2022-11-15,2622.3,2626.4,2590.0,2607.3
2022-11-16,2610.0,2615.95,2581.35,2592.35
2022-11-17,2584.95,2613.0,2580.0,2599.05
2022-11-18,2606.75,2609.0,2571.1,2597.65
2022-11-21,2588.0,2588.0,2543.1,2550.9
2022-11-22,2545.0,2568.5,2536.5,2565.05
2022-11-23,2575.0,2577.9,2552.25,2557.05
2022-11-24,2566.0,2594.0,2548.2,2579.1
2022-11-25,2589.0,2624.9,2582.1,2617.6
2022-11-28,2608.9,2721.05,2502.0,2707.55
2022-11-29,2703.95,2731.65,2694.0,2712.2
2022-11-30,2712.5,2745.45,2698.2,2731.35
2022-12-01,2741.8,2755.0,2716.0,2723.3
2022-12-02,2730.0,2748.0,2700.6,2722.15
2022-12-05,2712.0,2716.75,2678.0,2682.45
2022-12-06,2665.1,2697.0,2661.0,2690.2
2022-12-07,2685.0,2695.0,2642.15,2650.5
2022-12-08,2660.0,2665.0,2640.1,2649.25
2022-12-09,2646.0,2660.0,2601.85,2609.1
2022-12-12,2585.5,2623.0,2585.0,2613.1
2022-12-13,2613.1,2633.0,2606.7,2625.0
2022-12-14,2637.65,2638.95,2611.0,2615.5
2022-12-15,2602.5,2615.0,2571.0,2578.35
2022-12-16,2571.0,2618.8,2558.15,2565.6
2022-12-19,2581.0,2604.0,2566.7,2599.3
2022-12-20,2583.9,2626.0,2566.0,2621.8
2022-12-21,2621.0,2633.0,2576.1,2584.5
2022-12-22,2598.0,2604.65,2566.75,2577.8
2022-12-23,2563.3,2590.5,2492.25,2502.2
2022-12-26,2514.75,2542.0,2492.4,2524.05
2022-12-27,2530.0,2548.8,2515.25,2544.7
2022-12-28,2538.0,2549.8,2521.5,2544.45
2022-12-29,2527.0,2548.9,2525.5,2543.3
2022-12-30,2545.1,2577.0,2541.1,2547.2
